name,nation,position,team,age,year_born,full_games,touches,touches_defensive_pen_area,touches_defensive_third,touches_mid_third,touches_attacking_third,touches_attacking_pen_area,live_ball_touches,take_on_attempts,successful_take_on,take_on_percentage,tackled_during_take_on,ball_carries,total_carry_distance,progressive_carry_distance,progressive_carries,carries_into_final_third,carries_into_penalty_area,miscontrols,dispossessed,passes_recieved,progressive_passes_recieved,season,competition
Max Aarons,ENG,DF,Bournemouth,24,2000,1.0,73,2,19,40,15,0,73,2,0,0.0,1,41,152,68,1,0,0,1,0,40,3,2024-2025,Premier-League
Joshua Acheampong,ENG,DF,Chelsea,18,2006,1.9,137,7,48,81,8,3,137,2,1,50.0,0,106,709,409,0,2,0,2,0,111,0,2024-2025,Premier-League
Tyler Adams,USA,MF,Bournemouth,25,1999,21.8,1337,62,349,779,224,18,1337,18,4,22.2,10,663,3337,1447,14,22,1,28,12,757,10,2024-2025,Premier-League
Tosin Adarabioyo,ENG,DF,Chelsea,26,1997,15.7,1330,175,630,674,27,14,1330,6,4,66.7,1,777,3207,1809,5,2,0,4,0,1000,1,2024-2025,Premier-League
Simon Adingra,CIV,"FW,MF",Brighton,22,2002,12.2,548,10,66,174,315,76,548,50,21,42.0,27,366,2514,1300,50,21,27,39,12,388,136,2024-2025,Premier-League
Emmanuel Agbadou,CIV,DF,Wolves,27,1997,15.7,1172,190,649,504,28,7,1172,13,10,76.9,2,758,3670,1752,6,4,0,6,4,796,2,2024-2025,Premier-League
Asher Agbinone,ENG,MF,Crystal Palace,18,2005,0.1,8,0,0,2,6,0,8,2,0,0.0,1,5,53,23,2,0,0,0,1,5,1,2024-2025,Premier-League
Ola Aina,NGA,DF,Nott'ham Forest,27,1996,33.3,1708,156,613,717,409,22,1708,72,33,45.8,27,749,4798,2787,67,46,10,44,22,823,67,2024-2025,Premier-League
Rayan Aït-Nouri,ALG,DF,Wolves,23,2001,34.5,2148,96,577,916,685,96,2148,137,63,46.0,56,1129,6166,3205,89,62,28,52,47,1321,176,2024-2025,Premier-League
Kristoffer Ajer,NOR,DF,Brentford,26,1998,16.0,795,53,265,368,168,38,795,16,7,43.8,8,387,2098,1180,27,11,2,15,12,491,44,2024-2025,Premier-League
Manuel Akanji,SUI,DF,Manchester City,29,1995,22.4,1881,119,559,920,405,19,1881,2,2,100.0,0,1254,6953,4234,46,64,0,5,5,1483,7,2024-2025,Premier-League
Nathan Aké,NED,DF,Manchester City,29,1995,7.5,596,51,205,331,61,5,596,1,1,100.0,0,403,2244,1501,12,12,1,4,3,449,2,2024-2025,Premier-League
Carlos Alcaraz,ARG,MF,Southampton,21,2002,0.1,17,0,1,8,9,2,17,2,0,0.0,2,12,112,98,4,1,0,0,0,12,1,2024-2025,Premier-League
Carlos Alcaraz,ARG,"FW,MF",Everton,21,2002,8.5,378,15,63,168,156,19,378,18,9,50.0,7,211,1331,707,19,21,2,14,13,247,21,2024-2025,Premier-League
Trent Alexander-Arnold,ENG,DF,Liverpool,25,1998,26.3,2253,88,593,1014,660,44,2253,37,17,45.9,17,1184,5358,2860,51,36,9,19,15,1436,94,2024-2025,Premier-League
Alisson,BRA,GK,Liverpool,31,1992,27.9,1011,742,991,20,0,0,1011,1,1,100.0,0,657,2609,1586,0,0,0,1,0,618,0,2024-2025,Premier-League
Miguel Almirón,PAR,FW,Newcastle Utd,30,1994,1.7,81,1,10,35,36,9,81,2,1,50.0,1,54,284,93,3,3,2,0,2,59,18,2024-2025,Premier-League
Olabade Aluko,,DF,Leicester City,,,0.0,6,0,0,6,1,0,6,1,0,0.0,1,2,1,0,0,0,0,0,1,2,0,2024-2025,Premier-League
Edson Álvarez,MEX,MF,West Ham,26,1997,19.7,1239,67,361,693,194,12,1239,33,14,42.4,14,687,3783,1714,24,22,2,27,15,830,18,2024-2025,Premier-League
Will Alves,ENG,FW,Leicester City,19,2005,0.0,1,0,0,0,1,0,1,0,0,,0,1,5,5,0,0,0,0,0,1,1,2024-2025,Premier-League
Harry Amass,ENG,DF,Manchester Utd,17,2007,3.8,250,13,82,88,84,5,250,8,3,37.5,4,132,705,376,9,6,2,18,5,124,23,2024-2025,Premier-League
Samuel Amo-Ameyaw,ENG,"FW,DF",Southampton,18,2006,0.3,16,0,5,5,7,1,16,4,0,0.0,3,11,98,68,1,0,1,0,2,11,3,2024-2025,Premier-League
Mathis Amougou,FRA,MF,Chelsea,18,2006,0.1,9,1,2,4,3,0,9,0,0,,0,7,25,5,0,1,0,0,1,6,0,2024-2025,Premier-League
Joachim Andersen,DEN,DF,Crystal Palace,28,1996,1.0,93,14,38,50,5,0,93,0,0,,0,49,189,103,1,1,0,0,1,67,1,2024-2025,Premier-League
Joachim Andersen,DEN,DF,Fulham,28,1996,28.7,2336,340,1233,1013,102,22,2336,6,4,66.7,0,1350,6505,3435,16,14,1,6,3,1621,2,2024-2025,Premier-League
Elliot Anderson,ENG,MF,Nott'ham Forest,21,2002,30.3,1832,102,424,891,547,72,1832,75,36,48.0,30,932,5071,2366,52,32,21,60,49,1089,95,2024-2025,Premier-League
André,BRA,MF,Wolves,23,2001,27.5,1623,89,439,1046,155,3,1623,32,16,50.0,12,912,3764,1688,10,17,0,30,21,1093,11,2024-2025,Premier-League
Michail Antonio,JAM,FW,West Ham,34,1990,9.3,296,3,26,124,151,36,296,27,9,33.3,13,173,1177,695,29,13,9,35,19,221,59,2024-2025,Premier-League
Antony,BRA,"DF,MF",Manchester Utd,24,2000,1.6,101,2,22,26,54,8,101,11,4,36.4,6,60,317,182,5,6,1,5,1,69,7,2024-2025,Premier-League
Julian Araujo,MEX,DF,Bournemouth,22,2001,5.5,275,20,90,136,55,2,275,1,0,0.0,1,126,482,258,4,3,0,5,2,149,22,2024-2025,Premier-League
Cameron Archer,ENG,FW,Southampton,23,2001,16.0,398,16,69,179,154,52,397,37,15,40.5,20,226,1182,564,22,10,14,40,26,274,66,2024-2025,Premier-League
Alphonse Areola,FRA,GK,West Ham,31,1993,25.1,1049,833,1038,12,0,0,1049,0,0,,0,601,2480,1348,0,0,0,0,0,555,0,2024-2025,Premier-League
Joe Aribo,NGA,"MF,DF",Southampton,28,1996,22.4,1271,52,313,670,299,44,1271,49,21,42.9,22,745,4068,2021,36,29,12,27,19,925,65,2024-2025,Premier-League
Adam Armstrong,ENG,"FW,MF",Southampton,27,1997,13.9,377,11,44,143,192,49,376,14,6,42.9,8,235,1324,599,25,13,6,11,18,286,79,2024-2025,Premier-League
Harrison Armstrong,ENG,MF,Everton,17,2007,0.5,20,0,3,12,7,2,20,1,1,100.0,0,15,110,43,1,2,0,2,3,14,0,2024-2025,Premier-League
Kepa Arrizabalaga,ESP,GK,Bournemouth,29,1994,31.0,1087,800,1057,29,1,1,1087,1,1,100.0,0,621,3129,1797,0,0,0,0,0,486,0,2024-2025,Premier-League
Marco Asensio,ESP,MF,Aston Villa,28,1996,8.3,386,6,38,158,200,30,384,19,12,63.2,5,242,1466,682,22,21,5,9,8,265,38,2024-2025,Premier-League
Brandon Austin,ENG,GK,Tottenham,25,1999,1.0,36,30,36,0,0,0,36,0,0,,0,22,104,46,0,0,0,0,0,16,0,2024-2025,Premier-League
Taiwo Awoniyi,NGA,FW,Nott'ham Forest,26,1997,4.6,167,5,16,78,74,21,167,9,4,44.4,5,90,402,183,6,5,2,19,19,113,20,2024-2025,Premier-League
Yasin Ayari,SWE,MF,Brighton,20,2003,21.8,1233,58,275,624,354,45,1233,45,18,40.0,18,655,3244,1466,30,25,6,38,22,801,61,2024-2025,Premier-League
Jordan Ayew,GHA,"FW,MF",Crystal Palace,32,1991,0.2,12,0,0,7,5,1,12,0,0,,0,6,25,12,0,0,0,0,1,9,1,2024-2025,Premier-League
Jordan Ayew,GHA,"FW,MF",Leicester City,32,1991,18.2,798,21,103,407,312,55,797,64,26,40.6,32,479,3374,1540,49,37,11,63,40,540,86,2024-2025,Premier-League
Benoît Badiashile,FRA,DF,Chelsea,23,2001,3.7,336,31,138,186,13,0,336,1,0,0.0,1,177,660,340,3,5,0,1,0,247,2,2024-2025,Premier-League
Leon Bailey,JAM,"FW,MF",Aston Villa,26,1997,12.7,545,18,77,155,323,70,545,57,22,38.6,24,348,2582,1371,58,23,34,35,25,390,121,2024-2025,Premier-League
Carlos Baleba,CMR,MF,Brighton,20,2004,29.6,1697,94,410,994,339,12,1697,57,33,57.9,20,971,5692,2810,43,45,3,39,42,1035,29,2024-2025,Premier-League
Ross Barkley,ENG,MF,Aston Villa,30,1993,6.5,464,17,75,275,121,19,464,16,12,75.0,4,277,1560,733,15,15,2,7,8,328,10,2024-2025,Premier-League
Harvey Barnes,ENG,FW,Newcastle Utd,26,1997,19.5,810,17,97,257,462,128,810,64,24,37.5,33,561,4196,2467,93,48,47,33,23,647,192,2024-2025,Premier-League
Calvin Bassey,NGA,DF,Fulham,24,1999,34.2,2463,324,1205,1151,132,19,2463,33,15,45.5,11,1571,8212,4940,39,20,5,34,8,1716,15,2024-2025,Premier-League
Altay Bayındır,TUR,GK,Manchester Utd,26,1998,4.0,168,145,166,2,0,0,168,0,0,,0,110,432,196,0,0,0,0,0,103,0,2024-2025,Premier-League
Jan Bednarek,POL,DF,Southampton,28,1996,28.1,2049,386,1091,924,41,15,2049,3,3,100.0,0,1046,3845,1742,5,5,1,9,3,1307,2,2024-2025,Premier-League
Armel Bella Kotchap,GER,DF,Southampton,22,2001,3.7,263,33,147,115,3,1,263,1,0,0.0,1,186,936,326,0,0,0,1,0,192,0,2024-2025,Premier-League
Jean-Ricner Bellegarde,FRA,"MF,FW",Wolves,26,1998,18.6,843,24,148,394,318,48,843,61,14,23.0,31,528,3269,1573,52,38,11,42,29,592,89,2024-2025,Premier-League
Rodrigo Bentancur,URU,MF,Tottenham,27,1997,18.3,1302,76,323,774,216,24,1302,19,9,47.4,8,764,3568,1502,28,24,5,19,20,848,34,2024-2025,Premier-League
Daniel Bentley,ENG,GK,Wolves,31,1993,2.0,69,50,68,1,0,0,69,0,0,,0,39,218,134,0,0,0,0,0,26,0,2024-2025,Premier-League
Sander Berge,NOR,MF,Fulham,26,1998,24.7,1384,81,374,799,217,14,1384,20,11,55.0,6,804,4467,2065,29,25,2,15,16,892,9,2024-2025,Premier-League
Lucas Bergvall,SWE,MF,Tottenham,18,2006,13.5,885,36,188,478,232,22,885,45,21,46.7,20,531,3392,1634,33,21,4,20,19,586,31,2024-2025,Premier-League
Victor Bernth Kristiansen,DEN,DF,Leicester City,21,2002,27.6,1614,115,577,722,329,17,1614,18,8,44.4,9,816,3948,1866,40,26,5,15,13,887,78,2024-2025,Premier-League
Beto,GNB,FW,Everton,26,1998,17.0,520,29,51,233,242,86,520,38,19,50.0,17,267,1242,478,15,12,9,71,37,378,77,2024-2025,Premier-League
Philip Billing,DEN,MF,Bournemouth,28,1996,2.0,148,5,20,72,57,12,148,3,1,33.3,0,58,254,163,3,1,1,7,4,75,13,2024-2025,Premier-League
Yves Bissouma,MLI,MF,Tottenham,27,1996,15.6,1039,71,304,584,159,5,1039,22,7,31.8,15,610,3602,1611,15,17,0,25,15,704,3,2024-2025,Premier-League
Oscar Bobb,NOR,FW,Manchester City,21,2003,0.2,15,0,2,6,7,0,15,2,2,100.0,0,10,67,32,1,0,0,0,0,13,1,2024-2025,Premier-League
Lamare Bogarde,NED,"DF,MF",Aston Villa,20,2004,5.3,325,16,95,191,40,4,325,4,2,50.0,1,173,1031,599,12,6,1,6,8,212,9,2024-2025,Premier-League
Willy Boly,CIV,DF,Nott'ham Forest,33,1991,1.7,97,22,63,32,2,1,97,0,0,,0,35,128,45,0,0,0,1,0,46,0,2024-2025,Premier-League
Sven Botman,NED,DF,Newcastle Utd,24,2000,4.6,304,40,132,160,16,11,304,3,1,33.3,1,145,670,337,0,1,0,5,1,197,0,2024-2025,Premier-League
Jarrod Bowen,ENG,"FW,MF",West Ham,27,1996,33.0,1252,28,132,466,678,171,1251,130,44,33.8,76,741,5306,2501,109,46,61,70,77,834,212,2024-2025,Premier-League
Conor Bradley,NIR,DF,Liverpool,21,2003,8.4,663,32,197,299,178,43,663,25,10,40.0,12,369,2332,1356,35,22,9,13,5,411,39,2024-2025,Premier-League
Jarrad Branthwaite,ENG,DF,Everton,22,2002,27.9,1520,211,783,676,69,28,1520,6,3,50.0,2,747,4143,2515,10,14,2,8,4,894,2,2024-2025,Premier-League
James Bree,ENG,DF,Southampton,26,1997,11.9,694,49,221,308,170,11,694,8,4,50.0,2,363,1586,808,13,12,1,9,5,443,43,2024-2025,Premier-League
Ben Brereton,CHI,FW,Southampton,25,1999,5.0,206,4,19,76,112,20,206,4,1,25.0,2,136,791,394,12,13,4,9,4,171,42,2024-2025,Premier-League
Nathan Broadhead,WAL,"MF,FW",Ipswich Town,26,1998,7.8,317,7,41,161,126,21,317,34,17,50.0,15,174,1238,584,20,16,5,19,15,222,33,2024-2025,Premier-League
Armando Broja,ALB,FW,Everton,22,2001,3.7,127,4,14,47,72,18,127,16,8,50.0,7,64,577,281,12,8,3,16,13,94,26,2024-2025,Premier-League
David Brooks,WAL,"FW,MF",Bournemouth,27,1997,10.7,545,15,59,207,289,39,545,34,11,32.4,20,342,2344,1115,35,25,10,30,14,375,83,2024-2025,Premier-League
Emi Buendía,ARG,"MF,FW",Aston Villa,27,1996,1.1,82,0,17,35,31,3,82,2,0,0.0,2,53,185,119,3,5,0,4,3,64,6,2024-2025,Premier-League
Santiago Bueno,URU,DF,Wolves,25,1998,18.7,1025,170,522,485,21,6,1025,4,0,0.0,4,555,2727,1430,1,2,0,2,2,660,1,2024-2025,Premier-League
Facundo Buonanotte,ARG,"FW,MF",Leicester City,19,2004,16.9,874,26,128,452,307,39,874,83,28,33.7,49,479,2997,1347,39,26,9,58,39,528,74,2024-2025,Premier-League
Cameron Burgess,AUS,DF,Ipswich Town,28,1995,17.1,982,248,609,327,48,24,982,0,0,,0,430,1965,1002,2,4,0,3,0,573,4,2024-2025,Premier-League
Dan Burn,ENG,DF,Newcastle Utd,32,1992,37.0,2386,366,1305,959,130,52,2386,4,3,75.0,1,1346,6322,2798,12,8,1,24,3,1615,14,2024-2025,Premier-League
Wes Burns,WAL,"FW,DF",Ipswich Town,29,1994,10.3,350,21,69,129,160,18,350,24,9,37.5,14,216,1458,696,38,13,10,17,13,220,65,2024-2025,Premier-League
Nathan Butler-Oyedeji,ENG,FW,Arsenal,21,2003,0.1,1,0,0,0,1,1,1,0,0,,0,0,0,0,0,0,0,0,0,0,0,2024-2025,Premier-League
Moisés Caicedo,ECU,"MF,DF",Chelsea,22,2001,37.2,2579,95,562,1570,476,15,2579,64,29,45.3,22,1409,6882,3384,43,38,2,37,25,1780,37,2024-2025,Premier-League
Tom Cairney,SCO,MF,Fulham,33,1991,7.0,683,12,123,347,223,18,683,13,5,38.5,4,456,2179,1047,18,17,4,6,4,553,33,2024-2025,Premier-League
Jens Cajuste,SWE,MF,Ipswich Town,24,1999,21.8,1017,61,286,530,217,15,1017,53,28,52.8,19,481,2609,1329,26,23,3,23,17,594,20,2024-2025,Premier-League
Riccardo Calafiori,ITA,DF,Arsenal,22,2002,10.9,653,30,164,264,229,30,653,13,9,69.2,3,308,1655,889,22,15,3,12,5,394,29,2024-2025,Premier-League
Dominic Calvert-Lewin,ENG,FW,Everton,27,1997,17.9,520,26,45,215,265,88,520,25,10,40.0,13,280,1445,463,23,8,17,77,33,417,112,2024-2025,Premier-League
Diego Carlos,BRA,DF,Aston Villa,31,1993,9.2,674,86,331,330,15,6,674,2,2,100.0,0,419,2133,1162,3,3,0,1,2,481,0,2024-2025,Premier-League
Fabio Carvalho,POR,"FW,MF",Brentford,21,2002,5.1,247,4,44,91,113,22,247,14,2,14.3,10,137,698,356,9,3,0,13,8,145,23,2024-2025,Premier-League
Casemiro,BRA,MF,Manchester Utd,32,1992,16.6,1250,75,374,633,251,43,1250,6,3,50.0,3,660,2047,934,4,10,0,12,10,800,28,2024-2025,Premier-League
Kaelan Casey,ENG,DF,West Ham,19,2004,0.0,1,1,1,0,0,0,1,0,0,,0,0,0,0,0,0,0,0,0,0,0,2024-2025,Premier-League
Matty Cash,POL,DF,Aston Villa,26,1997,23.0,1186,90,432,463,304,42,1186,40,19,47.5,16,595,3700,1864,48,38,4,20,10,654,90,2024-2025,Premier-League
Eiran Cashin,IRL,DF,Brighton,22,2001,0.2,32,2,10,20,2,0,32,1,0,0.0,1,21,133,99,0,0,0,0,0,25,1,2024-2025,Premier-League
Timothy Castagne,BEL,DF,Fulham,28,1995,18.3,1164,92,449,462,259,32,1164,12,5,41.7,5,547,2191,1044,17,15,2,15,5,665,67,2024-2025,Premier-League
Trevoh Chalobah,ENG,DF,Crystal Palace,25,1999,11.8,594,66,275,276,51,14,594,10,6,60.0,2,278,1213,661,11,9,1,4,7,317,6,2024-2025,Premier-League
Trevoh Chalobah,ENG,DF,Chelsea,25,1999,10.1,774,73,331,389,59,12,774,5,2,40.0,1,426,1753,772,4,5,1,3,2,574,2,2024-2025,Premier-League
Conor Chaplin,ENG,"MF,FW",Ipswich Town,27,1997,9.5,390,7,74,183,138,18,390,8,4,50.0,4,179,910,467,13,9,0,12,5,264,23,2024-2025,Premier-League
Youssef Chermiti,POR,"FW,MF",Everton,20,2004,0.5,15,0,0,6,9,3,15,1,1,100.0,0,7,21,2,0,0,0,0,1,13,6,2024-2025,Premier-League
Federico Chiesa,ITA,FW,Liverpool,26,1997,1.2,46,2,10,15,21,4,46,2,0,0.0,2,31,130,58,3,1,1,3,4,33,7,2024-2025,Premier-League
Ben Chilwell,ENG,DF,Crystal Palace,27,1996,2.9,175,10,63,76,42,3,175,6,2,33.3,3,68,354,243,5,2,1,4,2,68,15,2024-2025,Premier-League
Chiquinho,POR,MF,Wolves,24,2000,0.1,3,0,0,1,2,1,3,0,0,,0,1,13,5,0,0,0,0,0,2,0,2024-2025,Premier-League
Hamza Choudhury,BAN,"MF,DF",Leicester City,26,1997,1.5,100,4,19,61,20,3,100,4,3,75.0,1,63,246,130,4,2,2,1,0,71,6,2024-2025,Premier-League
Ryan Christie,SCO,MF,Bournemouth,29,1995,23.5,1376,74,256,773,372,46,1376,48,23,47.9,22,726,3802,1773,34,40,8,44,25,777,44,2024-2025,Premier-League
Harry Clarke,ENG,DF,Ipswich Town,23,2001,4.2,268,18,100,122,47,2,268,2,1,50.0,1,118,555,222,5,7,0,4,2,163,2,2024-2025,Premier-League
Jack Clarke,ENG,"FW,MF",Ipswich Town,23,2000,13.1,553,24,125,229,215,38,553,50,25,50.0,18,311,2356,1217,39,21,12,25,22,338,57,2024-2025,Premier-League
Nathaniel Clyne,ENG,"DF,MF",Crystal Palace,33,1991,5.4,273,18,111,125,37,3,273,1,0,0.0,1,158,651,314,6,2,3,5,2,178,8,2024-2025,Premier-League
Conor Coady,ENG,DF,Leicester City,31,1993,19.0,1210,234,689,503,20,8,1210,2,1,50.0,1,789,3430,1820,3,3,1,4,3,878,0,2024-2025,Premier-League
Séamus Coleman,IRL,DF,Everton,35,1988,2.4,121,12,42,54,26,3,121,5,4,80.0,1,54,310,177,1,2,0,1,1,68,7,2024-2025,Premier-League
Nathan Collins,IRL,DF,Brentford,23,2001,38.0,2435,385,1275,1002,169,69,2435,12,6,50.0,5,1289,6994,4130,32,12,1,20,8,1490,18,2024-2025,Premier-League
Toby Collyer,ENG,MF,Manchester Utd,20,2004,2.0,129,9,46,59,25,3,129,2,1,50.0,1,68,239,56,0,0,0,11,1,71,2,2024-2025,Premier-League
Levi Colwill,ENG,DF,Chelsea,21,2003,35.0,2904,383,1363,1417,140,36,2904,12,6,50.0,5,1621,7389,4028,14,12,1,14,8,2092,12,2024-2025,Premier-League
Lewis Cook,ENG,"MF,DF",Bournemouth,27,1997,33.1,1900,87,440,1010,470,20,1900,20,13,65.0,7,825,4125,2159,33,29,4,31,18,965,52,2024-2025,Premier-League
Maxwel Cornet,CIV,FW,Southampton,27,1996,0.8,34,1,8,14,13,2,34,1,0,0.0,1,16,73,26,1,0,1,3,0,23,5,2024-2025,Premier-League
Vladimír Coufal,CZE,DF,West Ham,31,1992,11.9,736,61,262,318,159,14,736,15,5,33.3,7,298,1754,888,26,10,2,12,8,400,33,2024-2025,Premier-League
Woyo Coulibaly,MLI,DF,Leicester City,25,1999,1.2,76,8,27,31,20,4,76,1,0,0.0,1,48,288,169,4,2,1,4,0,36,2,2024-2025,Premier-League
Aaron Cresswell,ENG,DF,West Ham,34,1989,9.2,687,45,270,328,94,2,687,2,1,50.0,1,291,1102,526,6,8,0,4,0,437,4,2024-2025,Premier-League
Marc Cucurella,ESP,DF,Chelsea,26,1998,33.2,2244,119,677,1045,532,75,2244,15,4,26.7,9,944,4027,2336,35,22,2,28,7,1385,117,2024-2025,Premier-League
Jorge Cuenca,ESP,DF,Fulham,24,1999,3.9,214,38,134,74,7,1,214,2,2,100.0,0,89,302,140,0,1,0,2,0,133,0,2024-2025,Premier-League
Matheus Cunha,BRA,"MF,FW",Wolves,25,1999,28.9,1561,23,181,695,733,133,1560,137,61,44.5,61,904,6724,3336,112,95,41,80,55,1056,161,2024-2025,Premier-League
Patson Daka,ZAM,"FW,MF",Leicester City,25,1998,8.2,252,11,46,114,97,29,252,15,2,13.3,10,141,714,321,11,7,6,20,12,167,36,2024-2025,Premier-League
Diogo Dalot,POR,DF,Manchester Utd,25,1999,31.3,1983,113,661,773,566,68,1983,53,27,50.9,22,1126,4953,2699,62,37,16,38,21,1200,168,2024-2025,Premier-League
Mikkel Damsgaard,DEN,"MF,FW",Brentford,24,2000,32.3,1883,36,331,863,713,76,1883,97,50,51.5,36,1076,5883,3075,73,54,9,63,47,1239,137,2024-2025,Premier-League
Danilo,BRA,"MF,FW",Nott'ham Forest,23,2001,3.1,150,8,54,85,13,0,150,6,3,50.0,3,54,237,61,2,0,0,6,0,87,1,2024-2025,Premier-League
Jayden Danns,ENG,MF,Liverpool,18,2006,0.1,2,0,0,0,2,0,2,0,0,,0,1,2,1,0,0,0,0,1,1,0,2024-2025,Premier-League
Kevin Danso,AUT,DF,Tottenham,25,1998,9.4,676,108,394,257,29,8,676,3,2,66.7,1,448,2428,1195,11,5,1,8,3,475,1,2024-2025,Premier-League
Ben Davies,WAL,DF,Tottenham,31,1993,14.8,1186,215,643,495,48,13,1186,1,1,100.0,0,664,3255,1824,14,10,0,5,0,781,6,2024-2025,Premier-League
Leif Davis,ENG,DF,Ipswich Town,24,2000,30.5,1562,117,534,520,527,42,1562,38,13,34.2,18,708,3804,2073,52,31,11,37,16,835,137,2024-2025,Premier-League
Craig Dawson,ENG,DF,Wolves,34,1990,10.8,671,130,396,249,28,14,671,5,1,20.0,2,390,1819,938,6,1,0,2,0,443,5,2024-2025,Premier-League
Kevin De Bruyne,BEL,"MF,FW",Manchester City,33,1991,18.9,1368,10,75,455,850,79,1368,34,13,38.2,17,812,4001,2076,51,51,20,26,28,1021,150,2024-2025,Premier-League
Bobby De Cordova-Reid,JAM,FW,Leicester City,31,1993,8.3,272,15,49,114,109,16,272,10,0,0.0,8,174,816,389,14,5,6,11,10,188,48,2024-2025,Premier-League
Liam Delap,ENG,FW,Ipswich Town,21,2003,28.8,682,29,78,291,335,92,680,86,40,46.5,37,445,3283,1586,61,46,30,104,60,537,110,2024-2025,Premier-League
Sepp van den Berg,NED,DF,Brentford,22,2001,28.7,1605,282,819,621,169,48,1605,7,4,57.1,3,737,3762,1974,12,10,1,15,7,917,28,2024-2025,Premier-League
Justin Devenny,NIR,MF,Crystal Palace,20,2003,5.6,279,8,53,149,83,8,279,4,2,50.0,2,134,701,333,5,5,1,17,3,167,13,2024-2025,Premier-League
Kiernan Dewsbury-Hall,ENG,"MF,FW",Chelsea,25,1998,2.9,184,5,30,96,58,6,184,4,2,50.0,2,95,483,221,5,1,0,1,3,138,11,2024-2025,Premier-League
Amad Diallo,CIV,"MF,FW",Manchester Utd,22,2002,21.1,1207,16,175,443,607,131,1207,88,41,46.6,43,782,5295,2750,109,53,66,42,35,854,200,2024-2025,Premier-League
Rúben Dias,POR,DF,Manchester City,27,1997,25.2,2499,216,837,1361,307,26,2499,3,2,66.7,1,1775,10123,6017,43,65,1,8,1,2016,8,2024-2025,Premier-League
Luis Díaz,COL,FW,Liverpool,27,1997,26.7,1184,17,90,409,706,167,1184,116,53,45.7,51,780,5710,2960,108,55,56,55,49,933,293,2024-2025,Premier-League
Tyler Dibling,ENG,"FW,MF",Southampton,18,2006,20.8,868,27,129,390,369,41,868,110,45,40.9,43,558,4418,2215,69,50,26,44,55,651,96,2024-2025,Premier-League
Lucas Digne,FRA,DF,Aston Villa,31,1993,26.1,1527,97,541,457,539,28,1527,19,9,47.4,9,683,2983,1346,23,14,4,17,16,820,142,2024-2025,Premier-League
Issa Diop,FRA,DF,Fulham,27,1997,14.9,903,125,498,381,26,13,903,2,1,50.0,1,533,2426,1216,6,2,0,9,2,617,3,2024-2025,Premier-League
Axel Disasi,FRA,DF,Aston Villa,26,1998,5.4,334,32,130,178,29,6,334,15,9,60.0,6,207,1268,621,10,8,2,3,2,223,5,2024-2025,Premier-League
Axel Disasi,FRA,DF,Chelsea,26,1998,4.0,323,17,110,175,40,2,323,1,1,100.0,0,196,953,519,6,3,0,1,3,242,2,2024-2025,Premier-League
Roman Dixon,ENG,DF,Everton,19,2004,1.0,36,8,19,14,4,0,36,3,0,0.0,3,16,107,48,0,0,0,2,0,13,1,2024-2025,Premier-League
Nasser Djiga,BFA,DF,Wolves,21,2002,0.7,58,2,17,39,2,0,58,0,0,,0,32,108,37,0,1,0,1,2,35,2,2024-2025,Premier-League
Matt Doherty,IRL,DF,Wolves,32,1992,23.4,1534,126,614,748,190,26,1534,21,11,52.4,7,825,3666,2176,29,20,4,11,5,982,41,2024-2025,Premier-League
Jeremy Doku,BEL,"FW,MF",Manchester City,22,2002,16.8,1027,4,46,233,772,161,1027,201,107,53.2,60,796,7581,4865,213,95,109,59,59,854,286,2024-2025,Premier-League
Nicolás Domínguez,ARG,"MF,FW",Nott'ham Forest,26,1998,21.8,1218,78,303,630,295,33,1218,9,3,33.3,4,471,1863,924,16,14,2,23,12,676,33,2024-2025,Premier-League
Patrick Dorgu,DEN,DF,Manchester Utd,19,2004,9.4,602,16,155,206,244,32,602,13,3,23.1,6,354,1933,1209,41,17,7,12,10,399,83,2024-2025,Premier-League
Alfie Dorrington,ENG,DF,Tottenham,19,2005,0.2,16,0,11,5,0,0,16,0,0,,0,12,61,26,0,0,0,0,0,13,0,2024-2025,Premier-League
Abdoulaye Doucouré,MLI,MF,Everton,31,1993,28.5,1161,32,225,538,413,65,1161,45,24,53.3,21,604,2952,1396,42,26,8,38,38,750,96,2024-2025,Premier-League
Cheick Doucouré,MLI,MF,Crystal Palace,24,2000,5.0,263,11,56,165,45,4,263,5,2,40.0,2,133,581,280,2,7,1,4,7,160,7,2024-2025,Premier-League
Flynn Downes,ENG,MF,Southampton,25,1999,23.9,1339,99,403,719,227,21,1339,20,8,40.0,8,641,3520,1826,29,21,4,15,17,945,29,2024-2025,Premier-League
Tommy Doyle,ENG,MF,Wolves,22,2001,5.4,463,22,128,258,80,4,463,9,5,55.6,1,260,1417,578,6,3,0,9,4,303,4,2024-2025,Premier-League
Radu Drăgușin,ROU,DF,Tottenham,22,2002,13.9,961,148,510,430,30,12,961,2,0,0.0,0,623,3349,1666,7,3,0,8,2,669,2,2024-2025,Premier-League
Martin Dúbravka,SVK,GK,Newcastle Utd,35,1989,10.0,350,262,337,14,0,0,350,0,0,,0,202,1043,643,0,0,0,0,0,175,0,2024-2025,Premier-League
Lewis Dunk,ENG,DF,Brighton,32,1991,23.1,2127,258,993,1031,113,21,2127,1,0,0.0,1,1341,6155,3345,20,19,0,9,3,1556,3,2024-2025,Premier-League
Jáder Durán,COL,FW,Aston Villa,20,2003,7.1,263,13,36,110,122,47,263,14,3,21.4,9,133,535,267,7,7,2,16,15,192,44,2024-2025,Premier-League
Claudio Echeverri,ARG,FW,Manchester City,18,2006,0.1,3,0,0,2,1,0,3,0,0,,0,3,28,12,0,0,0,0,1,3,1,2024-2025,Premier-League
Ederson,BRA,GK,Manchester City,30,1993,25.8,975,689,962,13,0,0,975,0,0,,0,654,3060,1981,0,0,0,1,0,616,0,2024-2025,Premier-League
George Edmundson,ENG,DF,Ipswich Town,26,1997,0.0,3,1,3,0,0,0,3,0,0,,0,1,2,0,0,0,0,0,0,1,0,2024-2025,Premier-League
Odsonne Édouard,FRA,"MF,FW",Crystal Palace,26,1998,1.3,45,1,4,23,18,8,45,1,0,0.0,1,24,117,56,3,1,2,4,1,26,7,2024-2025,Premier-League
Odsonne Édouard,FRA,FW,Leicester City,26,1998,0.3,20,1,2,7,11,6,20,2,1,50.0,1,11,25,2,0,0,1,7,2,13,2,2024-2025,Premier-League
Samuel Edozie,ENG,"DF,FW",Southampton,21,2003,0.7,43,0,0,7,36,10,43,4,2,50.0,2,34,336,197,6,2,4,4,0,39,23,2024-2025,Premier-League
Ronnie Edwards,ENG,DF,Southampton,21,2003,0.1,6,3,4,2,0,0,6,0,0,,0,3,10,0,0,0,0,0,0,5,0,2024-2025,Premier-League
Anthony Elanga,SWE,"FW,MF",Nott'ham Forest,22,2002,27.8,1115,29,136,319,679,110,1115,83,25,30.1,39,600,4509,2544,102,45,48,79,43,764,229,2024-2025,Premier-League
Harvey Elliott,ENG,MF,Liverpool,21,2003,4.1,339,5,32,164,144,21,339,9,4,44.4,4,188,872,408,10,11,5,5,4,253,30,2024-2025,Premier-League
Yunus Emre Konak,TUR,"FW,MF",Brentford,18,2006,0.5,53,0,9,27,17,0,53,2,0,0.0,2,17,67,41,1,1,1,3,3,28,2,2024-2025,Premier-League
Julio Enciso,PAR,"MF,FW",Ipswich Town,20,2004,9.7,406,5,52,202,167,23,406,66,30,45.5,28,205,1537,793,23,25,9,24,30,262,44,2024-2025,Premier-League
Julio Enciso,PAR,"MF,FW",Brighton,20,2004,3.3,202,2,17,72,116,20,202,21,10,47.6,8,114,678,386,11,10,4,7,9,141,17,2024-2025,Premier-League
Wataru Endo,JPN,"MF,DF",Liverpool,31,1993,3.0,237,12,65,124,49,3,237,2,2,100.0,0,110,397,169,1,3,1,6,3,163,8,2024-2025,Premier-League
Christian Eriksen,DEN,MF,Manchester Utd,32,1992,11.8,850,26,173,397,284,17,849,4,0,0.0,4,473,1784,851,13,14,1,13,5,566,29,2024-2025,Premier-League
Romain Esse,ENG,MF,Crystal Palace,19,2005,1.5,73,1,14,30,29,9,73,6,2,33.3,4,38,121,49,1,1,2,6,2,43,14,2024-2025,Premier-League
Pervis Estupiñán,ECU,DF,Brighton,26,1998,26.7,1915,89,493,936,506,35,1915,34,19,55.9,13,1023,5007,2689,59,61,9,34,27,1144,112,2024-2025,Premier-League
Evanilson,BRA,FW,Bournemouth,24,1999,25.8,558,23,56,208,299,127,557,21,7,33.3,8,333,1822,861,29,18,15,38,24,400,99,2024-2025,Premier-League
Jake Evans,,FW,Leicester City,,,0.3,5,0,1,3,1,0,5,0,0,,0,1,1,0,0,0,0,0,1,3,1,2024-2025,Premier-League
Jonny Evans,NIR,DF,Manchester Utd,36,1988,3.5,250,36,139,100,15,3,250,1,1,100.0,0,143,574,242,3,2,0,1,0,151,3,2024-2025,Premier-League
Eberechi Eze,ENG,"MF,FW",Crystal Palace,26,1998,28.8,1414,17,193,661,597,95,1412,138,67,48.6,62,840,5063,2380,69,48,22,55,45,907,153,2024-2025,Premier-League
Łukasz Fabiański,POL,GK,West Ham,39,1985,12.9,530,414,525,5,0,0,530,3,3,100.0,0,285,1485,890,0,0,0,0,0,248,0,2024-2025,Premier-League
Wout Faes,BEL,DF,Leicester City,26,1998,31.3,1906,318,962,885,68,27,1906,6,5,83.3,1,1107,5050,2928,12,13,2,17,6,1268,1,2024-2025,Premier-League
Abdul Fatawu Issahaku,GHA,FW,Leicester City,20,2004,6.4,326,19,73,114,157,26,326,69,29,42.0,28,217,1869,1055,42,24,15,18,12,216,60,2024-2025,Premier-League
João Félix,POR,"FW,MF",Chelsea,24,1999,4.1,272,2,26,128,125,30,272,31,10,32.3,14,193,1248,712,21,13,5,6,4,218,30,2024-2025,Premier-League
Evan Ferguson,IRL,FW,West Ham,19,2004,1.7,66,1,6,30,31,10,66,5,3,60.0,2,31,123,41,1,1,1,8,5,42,7,2024-2025,Premier-League
Evan Ferguson,IRL,FW,Brighton,19,2004,2.7,88,7,13,50,26,9,88,2,1,50.0,1,42,183,56,2,1,2,5,6,52,9,2024-2025,Premier-League
Bruno Fernandes,POR,MF,Manchester Utd,29,1994,33.5,2649,62,428,1263,983,80,2646,67,28,41.8,33,1542,7244,3866,77,65,14,43,43,1853,129,2024-2025,Premier-League
Mateus Fernandes,POR,MF,Southampton,20,2004,32.3,1760,72,385,867,547,49,1760,109,49,45.0,49,897,5736,3143,76,70,9,58,36,1077,108,2024-2025,Premier-League
Enzo Fernández,ARG,MF,Chelsea,23,2001,32.7,2210,37,346,1129,751,81,2210,55,26,47.3,21,1211,5652,2735,60,55,9,29,28,1622,126,2024-2025,Premier-League
Mark Flekken,NED,GK,Brentford,31,1993,36.4,1824,1436,1777,52,0,0,1824,1,1,100.0,0,1122,5725,3253,0,0,0,3,0,1015,0,2024-2025,Premier-League
Phil Foden,ENG,"MF,FW",Manchester City,24,2000,19.7,1139,13,85,382,681,83,1139,43,14,32.6,23,722,3720,1782,50,30,17,36,31,894,128,2024-2025,Premier-League
Wesley Fofana,FRA,DF,Chelsea,23,2000,13.0,933,81,370,523,55,10,933,15,8,53.3,3,557,3149,1614,19,12,1,16,5,665,4,2024-2025,Premier-League
Carlos Forbs,POR,"MF,FW",Wolves,20,2004,2.7,121,3,23,39,60,13,121,12,7,58.3,5,75,468,321,10,3,8,7,4,85,28,2024-2025,Premier-League
Fraser Forster,ENG,GK,Tottenham,36,1988,7.0,228,212,228,0,0,0,228,1,1,100.0,0,113,501,264,0,0,0,1,0,94,0,2024-2025,Premier-League
Matheus França,BRA,"MF,FW",Crystal Palace,20,2004,0.6,33,2,5,11,17,7,33,0,0,,0,20,130,85,4,1,3,2,0,22,4,2024-2025,Premier-League
Ryan Fraser,SCO,"FW,DF",Southampton,30,1994,3.4,131,12,45,50,37,3,131,3,2,66.7,1,74,492,252,10,5,2,4,2,94,18,2024-2025,Premier-League
Tyler Fredricson,ENG,DF,Manchester Utd,19,2005,1.8,141,11,64,68,9,1,141,1,1,100.0,0,86,279,114,2,1,0,2,0,95,0,2024-2025,Premier-League
Niclas Füllkrug,GER,FW,West Ham,31,1993,8.8,277,19,27,142,110,40,277,8,1,12.5,6,123,435,215,7,4,2,18,7,205,31,2024-2025,Premier-League
Cody Gakpo,NED,FW,Liverpool,25,1999,21.5,888,28,91,258,557,110,888,61,31,50.8,21,605,4320,2208,59,34,28,45,24,677,278,2024-2025,Premier-League
Idrissa Gana Gueye,SEN,MF,Everton,34,1989,34.0,1801,72,432,1045,336,21,1801,39,18,46.2,19,861,4046,1752,27,27,4,32,38,1048,27,2024-2025,Premier-League
Andrés García,ESP,"DF,MF",Aston Villa,21,2003,3.5,256,8,38,108,112,2,256,18,5,27.8,12,159,1262,673,26,13,2,10,6,168,28,2024-2025,Premier-League
Alejandro Garnacho,ARG,"MF,FW",Manchester Utd,20,2004,24.4,1159,13,130,364,683,176,1159,89,26,29.2,55,840,6365,3245,141,72,67,64,48,888,290,2024-2025,Premier-League
James Garner,ENG,"MF,DF",Everton,23,2001,17.7,977,40,226,511,248,15,977,19,7,36.8,12,478,2187,842,15,19,2,16,9,550,30,2024-2025,Premier-League
Tyrique George,ENG,FW,Chelsea,18,2006,2.0,70,1,11,21,39,9,70,5,3,60.0,2,46,373,209,9,1,5,3,0,53,22,2024-2025,Premier-League
Morgan Gibbs-White,ENG,MF,Nott'ham Forest,24,2000,31.1,1626,35,185,830,636,92,1626,77,31,40.3,35,923,5093,2566,69,52,13,70,44,1226,136,2024-2025,Premier-League
Billy Gilmour,SCO,MF,Brighton,23,2001,1.1,73,2,14,46,13,0,73,2,1,50.0,1,44,210,117,2,0,0,0,0,58,2,2024-2025,Premier-League
Ben Godfrey,ENG,DF,Ipswich Town,26,1998,1.8,68,6,26,33,9,1,68,0,0,,0,33,202,79,2,2,0,2,1,42,1,2024-2025,Premier-League
Martial Godo,ENG,"FW,DF",Fulham,21,2003,0.3,25,0,1,7,17,7,25,4,1,25.0,3,18,155,87,2,0,2,0,0,15,6,2024-2025,Premier-League
Michael Golding,ENG,MF,Leicester City,18,2006,0.0,0,0,0,0,0,0,0,0,0,,0,0,0,0,0,0,0,0,0,0,0,2024-2025,Premier-League
João Gomes,BRA,MF,Wolves,23,2001,33.0,1998,62,431,1105,491,45,1998,65,30,46.2,28,1059,6216,2843,59,51,6,43,51,1335,76,2024-2025,Premier-League
Rodrigo Gomes,POR,"DF,FW",Wolves,21,2003,9.0,417,24,101,141,182,29,417,15,5,33.3,7,217,1388,805,23,18,7,21,9,246,81,2024-2025,Premier-League
Toti Gomes,POR,DF,Wolves,25,1999,29.0,2027,217,942,1000,108,17,2027,32,20,62.5,10,1205,5793,3203,27,20,0,20,15,1387,18,2024-2025,Premier-League
Diego Gómez,PAR,MF,Brighton,21,2003,5.7,403,21,87,212,109,10,403,12,6,50.0,6,193,746,365,8,4,0,10,9,247,23,2024-2025,Premier-League
Joe Gomez,ENG,DF,Liverpool,27,1997,5.8,481,54,183,264,37,5,481,0,0,,0,303,1638,947,5,2,1,1,2,335,2,2024-2025,Premier-League
Nicolás González,ESP,MF,Manchester City,22,2002,8.4,713,18,116,439,161,10,713,6,1,16.7,3,425,1824,729,9,12,3,8,11,535,11,2024-2025,Premier-League
Anthony Gordon,ENG,"FW,MF",Newcastle Utd,23,2001,27.0,1267,16,125,475,687,128,1265,103,38,36.9,47,818,6099,3295,121,62,56,36,38,924,214,2024-2025,Premier-League
Ryan Gravenberch,NED,MF,Liverpool,22,2002,35.1,2343,117,509,1354,512,26,2343,81,37,45.7,30,1396,7452,3742,70,75,10,55,26,1669,55,2024-2025,Premier-League
Archie Gray,ENG,"DF,MF",Tottenham,18,2006,19.5,1286,150,609,582,106,3,1286,13,7,53.8,5,878,4023,1678,7,5,0,12,11,941,17,2024-2025,Premier-League
Jack Grealish,ENG,"FW,MF",Manchester City,28,1995,8.0,521,15,42,162,324,71,521,29,13,44.8,9,376,2881,1714,69,23,46,10,16,423,118,2024-2025,Premier-League
Jacob Greaves,ENG,DF,Ipswich Town,23,2000,24.5,1404,276,746,568,95,22,1404,6,4,66.7,1,619,2881,1268,11,11,0,10,2,851,11,2024-2025,Premier-League
Brajan Gruda,GER,"MF,FW",Brighton,20,2004,7.6,344,4,38,120,192,46,344,30,13,43.3,12,202,1447,662,22,19,13,14,21,222,57,2024-2025,Premier-League
Albert Grønbaek,DEN,"FW,MF",Southampton,23,2001,1.6,38,2,9,14,15,2,38,4,0,0.0,4,18,79,15,1,0,1,5,4,21,3,2024-2025,Premier-League
Gonçalo Guedes,POR,"MF,FW",Wolves,27,1996,11.1,484,6,49,199,250,40,484,28,9,32.1,15,304,2074,1056,41,27,8,38,18,337,79,2024-2025,Premier-League
Marc Guéhi,ENG,DF,Crystal Palace,24,2000,34.0,2131,311,1051,943,148,39,2131,15,12,80.0,2,1142,5574,2935,22,17,1,16,18,1330,10,2024-2025,Premier-League
Luis Guilherme,BRA,"MF,FW",West Ham,18,2006,1.7,99,3,19,40,41,5,99,13,7,53.8,4,51,383,165,4,3,1,4,3,69,16,2024-2025,Premier-League
Bruno Guimarães,BRA,MF,Newcastle Utd,26,1997,36.3,2213,83,445,1131,662,85,2213,78,34,43.6,27,1400,7763,3483,64,46,15,56,76,1652,96,2024-2025,Premier-League
Marc Guiu,ESP,FW,Chelsea,18,2006,0.8,22,0,2,8,12,3,22,1,0,0.0,1,12,30,8,0,0,0,2,0,12,3,2024-2025,Premier-League
İlkay Gündoğan,GER,MF,Manchester City,33,1990,24.7,1892,45,270,929,714,67,1892,41,17,41.5,16,1118,6209,3000,64,57,11,29,25,1480,96,2024-2025,Premier-League
Malo Gusto,FRA,DF,Chelsea,21,2003,20.7,1595,64,387,772,451,43,1595,16,4,25.0,11,882,4513,2248,50,36,8,18,17,1072,85,2024-2025,Premier-League
Joško Gvardiol,CRO,DF,Manchester City,22,2002,36.4,3103,146,764,1549,815,98,3103,43,25,58.1,14,1997,10574,6002,91,102,15,29,16,2257,121,2024-2025,Premier-League
Erling Haaland,NOR,FW,Manchester City,24,2000,30.4,639,22,40,222,384,190,635,36,13,36.1,20,310,1494,577,24,15,23,45,27,478,124,2024-2025,Premier-League
Lewis Hall,ENG,DF,Newcastle Utd,19,2004,24.3,1820,95,623,804,414,47,1820,21,11,52.4,7,950,4398,2358,41,22,13,33,20,1094,80,2024-2025,Premier-League
Ali Al Hamadi,IRQ,FW,Ipswich Town,22,2002,1.5,53,2,6,20,30,9,53,7,4,57.1,3,29,187,111,4,3,4,7,4,36,14,2024-2025,Premier-League
Marcus Harness,ENG,MF,Ipswich Town,28,1996,0.5,22,4,7,2,13,3,22,1,0,0.0,1,9,49,14,0,0,0,0,0,9,1,2024-2025,Premier-League
Jack Harrison,ENG,FW,Everton,27,1996,23.1,948,36,157,336,463,69,948,75,24,32.0,43,524,3153,1639,73,36,17,52,41,612,127,2024-2025,Premier-League
Taylor Harwood-Bellis,ENG,DF,Southampton,22,2002,31.4,2475,340,1158,1145,182,42,2475,3,3,100.0,0,1433,6776,3938,29,27,0,16,5,1792,9,2024-2025,Premier-League
Kai Havertz,GER,"FW,MF",Arsenal,25,1999,20.8,785,31,92,287,411,107,785,38,9,23.7,24,418,2012,954,35,23,18,44,23,584,113,2024-2025,Premier-League
Ayden Heaven,ENG,DF,Manchester Utd,17,2006,1.9,136,30,68,60,10,2,136,4,2,50.0,2,95,491,259,1,1,0,3,1,93,1,2024-2025,Premier-League
Jan Paul van Hecke,NED,DF,Brighton,24,2000,32.9,2589,272,1094,1350,166,33,2589,11,5,45.5,4,1715,10633,7191,55,46,0,12,7,1820,5,2024-2025,Premier-League
Hwang Hee-chan,KOR,"MF,FW",Wolves,28,1996,7.3,271,10,42,105,126,24,271,14,2,14.3,12,159,989,448,15,5,7,14,10,181,42,2024-2025,Premier-League
Dean Henderson,ENG,GK,Crystal Palace,27,1997,38.0,1308,1065,1303,4,1,1,1308,0,0,,0,751,4483,2136,0,0,0,2,0,580,0,2024-2025,Premier-League
Rico Henry,ENG,DF,Brentford,27,1997,1.1,66,6,22,29,16,1,66,3,0,0.0,2,30,149,60,0,1,0,3,2,27,5,2024-2025,Premier-League
Mads Hermansen,DEN,GK,Leicester City,24,2000,26.5,1147,831,1106,43,0,0,1147,1,1,100.0,0,734,3625,1904,0,0,0,1,0,625,0,2024-2025,Premier-League
Son Heung-min,KOR,FW,Tottenham,32,1992,23.4,1134,16,115,362,668,122,1132,83,29,34.9,41,761,4914,2613,96,49,44,25,32,867,265,2024-2025,Premier-League
James Hill,ENG,DF,Bournemouth,22,2002,5.0,319,19,99,167,54,8,319,2,1,50.0,1,146,552,295,3,6,0,2,0,179,8,2024-2025,Premier-League
Jack Hinshelwood,ENG,"MF,DF",Brighton,19,2005,20.5,1199,50,322,560,323,35,1199,11,2,18.2,8,590,2435,1189,19,20,2,18,3,762,54,2024-2025,Premier-League
George Hirst,SCO,FW,Ipswich Town,25,1999,7.3,188,12,28,61,101,28,188,6,2,33.3,3,101,529,211,9,2,7,21,16,161,31,2024-2025,Premier-League
Mason Holgate,JAM,"FW,DF",Everton,27,1996,0.1,3,0,0,2,1,0,3,0,0,,0,1,0,0,0,0,0,1,0,1,0,2024-2025,Premier-League
Harry Howell,ENG,FW,Brighton,15,2008,0.1,12,1,1,7,4,3,12,0,0,,0,9,48,8,0,0,1,0,0,10,3,2024-2025,Premier-League
Callum Hudson-Odoi,ENG,"FW,MF",Nott'ham Forest,23,2000,24.4,1035,16,117,338,605,74,1035,63,37,58.7,18,641,5345,3401,130,61,47,45,23,784,189,2024-2025,Premier-League
Will Hughes,ENG,MF,Crystal Palace,29,1995,23.4,1203,48,295,615,308,17,1203,16,5,31.3,7,532,2718,1276,20,24,1,21,30,659,27,2024-2025,Premier-League
Dean Huijsen,ESP,DF,Bournemouth,19,2005,27.0,2021,254,915,971,145,30,2021,5,2,40.0,3,1118,7072,4349,41,31,0,20,1,1271,10,2024-2025,Premier-League
Omari Hutchinson,ENG,"MF,FW",Ipswich Town,20,2003,28.7,1259,17,200,516,567,92,1259,137,51,37.2,68,779,6035,2976,97,39,37,80,58,893,159,2024-2025,Premier-League
Rasmus Højlund,DEN,FW,Manchester Utd,21,2003,22.3,515,6,36,251,237,74,515,33,9,27.3,21,308,1516,655,28,13,17,63,33,408,101,2024-2025,Premier-League
Igor,BRA,DF,Brighton,26,1998,10.7,816,109,385,381,54,1,816,6,5,83.3,1,530,2962,1837,9,14,0,1,0,606,1,2024-2025,Premier-League
Danny Ings,ENG,"FW,MF",West Ham,32,1992,3.2,139,2,15,51,73,27,139,7,4,57.1,2,63,324,118,6,0,2,6,6,96,29,2024-2025,Premier-League
Tim Iroegbunam,ENG,MF,Everton,21,2003,6.4,269,24,89,127,60,12,269,20,8,40.0,8,127,744,379,8,10,2,11,18,113,9,2024-2025,Premier-League
Andy Irving,SCO,MF,West Ham,24,2000,1.8,150,7,37,89,24,0,150,1,1,100.0,0,73,305,137,0,1,0,1,3,104,4,2024-2025,Premier-League
Alexander Isak,SWE,FW,Newcastle Utd,24,1999,30.6,1025,20,57,386,596,189,1021,91,42,46.2,47,615,3723,1861,83,42,43,66,55,740,217,2024-2025,Premier-League
Alex Iwobi,NGA,"FW,MF",Fulham,28,1996,33.1,1861,33,244,748,895,116,1861,97,48,49.5,42,1312,8012,4367,144,105,37,62,40,1447,246,2024-2025,Premier-League
Nicolas Jackson,SEN,FW,Chelsea,23,2001,24.7,687,19,50,285,361,141,687,61,18,29.5,32,417,2510,1316,47,25,32,71,41,514,129,2024-2025,Premier-League
Reece James,ENG,"DF,MF",Chelsea,24,1999,11.8,952,43,267,516,176,7,952,17,7,41.2,6,486,1877,822,7,4,1,7,9,607,12,2024-2025,Premier-League
Vitaly Janelt,GER,MF,Brentford,26,1998,25.0,1289,118,418,574,306,32,1289,12,3,25.0,7,651,3005,1278,17,18,3,16,10,814,38,2024-2025,Premier-League
Vitezslav Jaros,CZE,GK,Liverpool,23,2001,0.1,8,5,8,0,0,0,8,0,0,,0,7,29,8,0,0,0,0,0,5,0,2024-2025,Premier-League
Daniel Jebbison,CAN,FW,Bournemouth,20,2003,1.3,78,3,10,25,44,14,78,7,4,57.1,3,44,277,95,4,2,5,13,5,47,16,2024-2025,Premier-League
Mathias Jensen,DEN,MF,Brentford,28,1996,9.6,573,27,126,243,207,9,573,17,9,52.9,6,300,1296,598,6,12,0,9,7,350,27,2024-2025,Premier-League
Gabriel Jesus,BRA,FW,Arsenal,27,1997,6.8,299,9,28,108,165,48,299,22,9,40.9,10,179,953,432,15,6,11,13,13,217,57,2024-2025,Premier-League
Raúl Jiménez,MEX,FW,Fulham,33,1991,27.7,999,35,120,431,464,165,996,50,21,42.0,26,549,2557,1112,35,24,17,74,45,734,125,2024-2025,Premier-League
Kim Jisoo,KOR,DF,Brentford,19,2004,0.3,30,1,15,12,3,0,30,0,0,,0,15,57,22,0,0,0,0,1,22,0,2024-2025,Premier-League
João Pedro,BRA,"FW,MF",Brighton,22,2001,21.6,940,12,60,387,508,122,935,86,29,33.7,47,616,3821,1821,66,39,30,72,38,732,128,2024-2025,Premier-League
Joelinton,BRA,"MF,FW",Newcastle Utd,27,1996,26.6,1360,67,256,670,448,83,1360,46,15,32.6,28,729,3598,1786,40,26,9,39,53,934,110,2024-2025,Premier-League
Ben Johnson,ENG,"DF,FW",Ipswich Town,24,2000,15.0,626,60,246,220,163,12,626,24,8,33.3,14,259,1503,585,16,12,3,23,17,292,33,2024-2025,Premier-League
Brennan Johnson,WAL,FW,Tottenham,23,2001,24.2,853,18,98,292,475,125,853,44,19,43.2,22,544,2939,1460,60,23,35,26,17,626,197,2024-2025,Premier-League
Sam Johnstone,ENG,GK,Wolves,31,1993,7.0,306,229,304,2,0,0,306,0,0,,0,196,1221,756,0,0,0,0,0,179,0,2024-2025,Premier-League
Curtis Jones,ENG,"MF,DF",Liverpool,23,2001,19.0,1288,41,220,683,393,58,1288,22,12,54.5,8,789,3889,1892,30,23,8,26,36,967,79,2024-2025,Premier-League
Jorginho,ITA,MF,Arsenal,32,1991,7.8,522,9,93,304,131,3,522,4,1,25.0,2,302,1498,874,12,13,0,12,9,389,6,2024-2025,Premier-League
Diogo Jota,POR,FW,Liverpool,27,1996,13.3,485,6,35,198,259,97,485,33,11,33.3,20,263,1500,796,37,23,21,40,22,333,88,2024-2025,Premier-League
James Justin,ENG,DF,Leicester City,26,1998,32.4,1948,151,692,881,387,38,1948,30,9,30.0,13,866,3649,1788,39,27,4,31,15,1077,96,2024-2025,Premier-League
Filip Jørgensen,DEN,GK,Chelsea,22,2002,6.0,202,174,201,1,0,0,202,0,0,,0,145,676,423,0,0,0,0,0,139,0,2024-2025,Premier-League
Ferdi Kadioglu,TUR,"DF,MF",Brighton,24,1999,4.3,231,13,71,91,72,9,231,7,3,42.9,3,124,479,183,1,0,0,6,2,144,27,2024-2025,Premier-League
Daichi Kamada,JPN,MF,Crystal Palace,27,1996,17.4,937,19,208,496,240,32,937,19,7,36.8,9,485,2295,1121,25,19,6,16,20,600,56,2024-2025,Premier-League
Boubacar Kamara,FRA,MF,Aston Villa,24,1999,19.2,1113,95,344,637,141,12,1113,27,9,33.3,9,591,2976,1370,19,13,2,12,17,754,7,2024-2025,Premier-League
Joachim Kayi Sanda,FRA,DF,Southampton,17,2006,0.2,19,1,8,10,1,1,19,0,0,,0,14,63,35,0,0,0,1,0,15,0,2024-2025,Premier-League
Michael Kayode,ITA,DF,Brentford,20,2004,5.9,313,23,101,121,97,13,313,18,9,50.0,8,144,944,500,12,7,3,13,3,143,24,2024-2025,Premier-League
Michael Keane,ENG,DF,Everton,31,1993,11.7,513,106,295,198,22,17,513,1,0,0.0,1,229,904,290,1,1,0,2,2,286,3,2024-2025,Premier-League
Caoimhín Kelleher,IRL,GK,Liverpool,25,1998,10.0,398,286,396,2,0,0,398,1,1,100.0,0,290,1131,616,0,0,0,1,0,275,0,2024-2025,Premier-League
Lloyd Kelly,ENG,DF,Newcastle Utd,25,1998,3.4,215,26,105,94,19,4,215,3,2,66.7,1,120,474,202,0,2,0,3,2,129,5,2024-2025,Premier-League
Milos Kerkez,HUN,DF,Bournemouth,20,2003,37.1,2158,112,552,900,731,69,2158,48,22,45.8,16,1094,6388,3711,106,73,16,49,22,1196,197,2024-2025,Premier-League
Bilal El Khannouss,MAR,"MF,FW",Leicester City,20,2004,24.2,1268,18,183,655,445,35,1268,60,34,56.7,23,732,4494,2038,73,45,12,38,38,851,89,2024-2025,Premier-League
Abdukodir Khusanov,UZB,DF,Manchester City,20,2004,5.6,445,45,205,211,31,1,445,2,0,0.0,2,274,1155,435,1,1,0,2,1,332,2,2024-2025,Premier-League
Max Kilman,ENG,DF,West Ham,27,1997,37.2,2374,464,1317,962,113,32,2374,22,16,72.7,2,1270,5672,3185,31,14,2,17,4,1581,6,2024-2025,Premier-League
Joshua King,ENG,MF,Fulham,17,2007,1.4,87,2,12,31,46,10,87,8,4,50.0,4,44,335,138,3,4,0,1,6,60,16,2024-2025,Premier-League
Tom King,WAL,GK,Wolves,29,1995,0.0,1,1,1,0,0,0,1,0,0,,0,1,8,5,0,0,0,0,0,0,0,2024-2025,Premier-League
Antonín Kinský,CZE,GK,Tottenham,21,2003,6.0,237,205,234,3,0,0,237,0,0,,0,144,760,491,1,0,0,0,0,126,0,2024-2025,Premier-League
Jakub Kiwior,POL,DF,Arsenal,24,2000,12.5,846,100,281,494,72,5,846,5,3,60.0,2,492,1988,1037,5,7,1,3,2,615,1,2024-2025,Premier-League
Justin Kluivert,NED,MF,Bournemouth,25,1999,26.0,1086,24,99,366,641,134,1080,87,36,41.4,40,646,4198,2364,81,55,38,55,27,710,173,2024-2025,Premier-League
Ibrahima Konaté,FRA,DF,Liverpool,25,1999,28.4,2185,223,928,1145,119,23,2185,6,3,50.0,2,1290,6124,3603,25,15,0,8,2,1576,3,2024-2025,Premier-League
Ezri Konsa,ENG,DF,Aston Villa,26,1997,32.6,1915,250,883,934,107,22,1915,18,8,44.4,7,1132,5817,3008,24,15,2,17,10,1338,11,2024-2025,Premier-League
Mateo Kovačić,CRO,MF,Manchester City,30,1994,24.4,2123,53,318,1199,627,17,2123,41,22,53.7,11,1445,8397,3961,56,78,3,19,29,1729,16,2024-2025,Premier-League
Caleb Kporha,ENG,DF,Crystal Palace,18,2006,0.1,11,1,4,2,5,0,11,0,0,,0,4,46,36,1,1,0,0,2,3,0,2024-2025,Premier-League
Emil Krafth,SWE,DF,Newcastle Utd,29,1994,3.8,199,34,100,73,28,4,199,1,0,0.0,1,82,397,175,5,6,0,2,2,98,3,2024-2025,Premier-League
Mohammed Kudus,GHA,"FW,MF",West Ham,23,2000,28.8,1274,13,171,536,612,127,1274,208,92,44.2,98,842,5574,2613,98,59,42,77,93,989,216,2024-2025,Premier-League
Dejan Kulusevski,SWE,"MF,FW",Tottenham,24,2000,26.5,1276,24,149,432,719,158,1276,117,38,32.5,71,823,6157,3208,120,67,40,77,74,895,210,2024-2025,Premier-League
Maxence Lacroix,FRA,DF,Crystal Palace,24,2000,34.6,1934,362,1184,672,85,45,1934,14,8,57.1,4,1030,4806,2203,8,6,0,21,6,1136,7,2024-2025,Premier-League
Adam Lallana,ENG,MF,Southampton,36,1988,4.0,318,19,91,155,73,6,318,12,5,41.7,5,178,831,366,6,8,0,10,6,245,10,2024-2025,Premier-League
Tariq Lamptey,GHA,DF,Brighton,23,2000,9.6,535,29,161,224,154,11,535,31,10,32.3,18,292,2081,1034,32,17,3,11,5,302,45,2024-2025,Premier-League
Will Lankshear,ENG,"FW,MF",Tottenham,19,2005,0.1,3,0,0,2,1,0,3,0,0,,0,3,3,0,0,0,0,2,0,3,1,2024-2025,Premier-League
Roméo Lavia,BEL,MF,Chelsea,20,2004,8.9,493,17,109,319,71,1,493,16,10,62.5,6,295,1373,567,3,9,0,3,7,359,7,2024-2025,Premier-League
Mario Lemina,GAB,"MF,DF",Wolves,30,1993,15.2,809,92,324,378,119,18,809,16,10,62.5,4,382,2068,1038,8,12,2,21,11,482,21,2024-2025,Premier-League
Bernd Leno,GER,GK,Fulham,32,1992,38.0,1479,1190,1466,13,0,0,1479,0,0,,0,955,3956,2233,0,0,0,0,0,862,0,2024-2025,Premier-League
Jefferson Lerma,COL,"MF,DF",Crystal Palace,29,1994,25.3,1406,124,469,703,244,29,1406,13,7,53.8,4,649,2478,1100,13,11,0,15,18,803,26,2024-2025,Premier-League
Rico Lewis,ENG,"DF,MF",Manchester City,19,2004,21.0,1477,53,289,727,477,46,1477,21,9,42.9,11,865,4215,2155,39,41,8,20,19,1061,78,2024-2025,Premier-League
Keane Lewis-Potter,ENG,"DF,FW",Brentford,23,2001,34.4,1613,102,504,625,505,74,1613,101,41,40.6,50,868,6085,3211,98,69,35,51,20,966,156,2024-2025,Premier-League
Myles Lewis-Skelly,ENG,DF,Arsenal,17,2006,15.2,905,28,178,476,265,17,905,28,12,42.9,9,526,2692,1663,37,26,7,13,9,616,37,2024-2025,Premier-League
Matthijs de Ligt,NED,DF,Manchester Utd,24,1999,23.6,1608,184,828,731,56,29,1608,4,2,50.0,2,1078,4744,2225,7,3,0,5,3,1158,6,2024-2025,Premier-League
Pedro Lima,BRA,DF,Wolves,18,2006,0.8,48,0,9,12,28,3,48,3,1,33.3,2,22,120,83,4,3,1,1,0,30,11,2024-2025,Premier-League
Victor Lindelöf,SWE,DF,Manchester Utd,30,1994,7.8,452,60,243,187,24,3,452,0,0,,0,263,1171,553,5,4,0,1,1,313,4,2024-2025,Premier-League
Jesper Lindstrøm,DEN,FW,Everton,24,2000,13.8,625,22,127,206,303,40,625,43,8,18.6,31,302,1627,780,30,19,7,31,24,347,81,2024-2025,Premier-League
Valentino Livramento,ENG,DF,Newcastle Utd,21,2002,31.6,1964,119,619,894,482,41,1964,56,25,44.6,23,1023,6333,3316,83,42,13,32,39,1144,119,2024-2025,Premier-League
Sean Longstaff,ENG,MF,Newcastle Utd,26,1997,8.9,434,24,123,193,121,21,434,7,2,28.6,4,248,1176,429,4,10,2,9,7,308,22,2024-2025,Premier-League
Saša Lukić,SRB,MF,Fulham,27,1996,26.0,1493,57,332,843,331,21,1493,17,8,47.1,5,825,4427,2190,39,40,4,23,8,963,33,2024-2025,Premier-League
Joe Lumley,ENG,GK,Southampton,29,1995,3.0,164,116,161,3,0,0,164,0,0,,0,103,476,296,0,0,0,0,0,108,0,2024-2025,Premier-League
Massimo Luongo,AUS,MF,Ipswich Town,31,1992,2.2,87,9,34,33,20,2,87,0,0,,0,46,184,27,0,0,0,2,3,50,1,2024-2025,Premier-League
Ian Maatsen,NED,DF,Aston Villa,22,2002,12.7,917,56,247,334,348,47,917,29,13,44.8,16,505,2636,1184,31,17,13,22,25,564,104,2024-2025,Premier-League
Alexis Mac Allister,ARG,MF,Liverpool,25,1998,28.9,1860,56,284,960,637,60,1860,42,16,38.1,21,914,3773,2009,36,43,5,31,22,1227,80,2024-2025,Premier-League
James Maddison,ENG,MF,Tottenham,27,1996,20.1,1464,26,210,691,576,77,1464,77,33,42.9,34,1026,5128,2279,45,39,20,23,25,1125,95,2024-2025,Premier-League
Noni Madueke,ENG,FW,Chelsea,22,2002,22.6,980,22,101,301,595,184,980,102,45,44.1,46,641,5413,3485,154,50,93,52,25,756,226,2024-2025,Premier-League
Gabriel Magalhães,BRA,DF,Arsenal,26,1997,26.3,1873,189,672,985,225,40,1873,5,4,80.0,1,1116,4470,2669,10,22,0,9,2,1366,11,2024-2025,Premier-League
Edmond-Paris Maghoma,ENG,"MF,FW",Brentford,23,2001,1.3,101,2,18,58,27,4,101,4,3,75.0,1,68,414,221,4,3,1,2,0,75,4,2024-2025,Premier-League
Harry Maguire,ENG,DF,Manchester Utd,31,1993,19.5,1328,147,652,616,76,44,1328,5,2,40.0,3,782,4821,2056,7,9,3,10,2,856,7,2024-2025,Premier-League
Kobbie Mainoo,ENG,MF,Manchester Utd,19,2005,18.3,1061,25,197,587,287,36,1061,50,23,46.0,25,652,2850,1222,22,17,10,36,36,760,47,2024-2025,Premier-League
Tyrell Malacia,NED,DF,Manchester Utd,24,1999,1.1,62,2,20,27,15,0,62,1,1,100.0,0,37,190,118,3,2,0,1,2,43,6,2024-2025,Premier-League
Donyell Malen,NED,FW,Aston Villa,25,1999,3.4,129,2,9,33,94,25,129,11,4,36.4,5,79,652,370,12,7,7,8,7,87,30,2024-2025,Premier-League
Mateus Mane,,MF,Wolves,,,0.0,6,0,0,6,0,0,6,0,0,,0,2,22,7,0,0,0,0,0,4,0,2024-2025,Premier-League
Orel Mangala,BEL,MF,Everton,26,1998,14.0,621,22,133,335,157,13,621,24,14,58.3,9,298,1574,576,6,6,3,12,12,406,19,2024-2025,Premier-League
Ryan Manning,IRL,"DF,MF",Southampton,28,1996,16.2,968,72,260,397,321,22,968,36,11,30.6,16,483,2023,982,14,13,4,17,5,573,74,2024-2025,Premier-League
Solly March,ENG,"FW,MF",Brighton,30,1994,1.9,118,3,12,33,73,7,118,4,1,25.0,3,57,398,167,5,2,3,3,1,67,20,2024-2025,Premier-League
Omar Marmoush,EGY,"FW,MF",Manchester City,25,1999,13.1,504,6,34,152,326,68,504,46,20,43.5,21,320,1975,960,29,20,15,45,19,361,78,2024-2025,Premier-League
Gabriel Martinelli,BRA,"FW,MF",Arsenal,23,2001,25.4,994,17,102,247,660,182,994,109,33,30.3,60,670,4985,2620,124,33,64,50,38,752,289,2024-2025,Premier-League
Emiliano Martínez,ARG,GK,Aston Villa,31,1992,35.5,1449,1095,1429,20,0,0,1449,1,1,100.0,0,889,4616,2936,0,0,0,1,0,784,0,2024-2025,Premier-League
Lisandro Martínez,ARG,DF,Manchester Utd,26,1998,19.5,1524,156,713,697,125,18,1524,7,6,85.7,1,1017,5141,3129,23,23,2,1,3,1069,7,2024-2025,Premier-League
Pape Matar Sarr,SEN,MF,Tottenham,21,2002,21.3,1253,47,274,699,302,28,1253,30,11,36.7,16,772,4547,1918,33,37,5,29,22,872,53,2024-2025,Premier-League
Jean-Philippe Mateta,FRA,FW,Crystal Palace,27,1997,29.4,739,26,64,350,340,94,737,46,20,43.5,22,400,2143,1048,45,22,10,72,45,539,122,2024-2025,Premier-League
Stephy Mavididi,ENG,FW,Leicester City,26,1998,17.9,863,23,132,327,421,61,863,95,35,36.8,47,583,4343,2355,91,40,27,39,35,623,138,2024-2025,Premier-League
Konstantinos Mavropanos,GRE,DF,West Ham,26,1997,22.7,1532,244,806,671,63,24,1532,17,9,52.9,5,864,4287,2292,17,10,1,12,0,1008,2,2024-2025,Premier-League
Noussair Mazraoui,MAR,DF,Manchester Utd,26,1997,31.5,2139,167,839,976,349,30,2139,48,26,54.2,18,1172,5481,2884,42,32,3,25,17,1289,58,2024-2025,Premier-League
Bryan Mbeumo,CMR,FW,Brentford,24,1999,37.9,1781,62,246,567,998,168,1775,111,52,46.8,47,1077,6721,3519,130,69,75,106,47,1204,351,2024-2025,Premier-League
James Mcatee,ENG,"MF,FW",Manchester City,21,2002,3.9,168,2,17,62,90,21,168,7,2,28.6,5,96,486,211,7,6,1,5,1,122,32,2024-2025,Premier-League
Kasey McAteer,IRL,FW,Leicester City,22,2001,9.5,379,21,76,141,169,30,379,25,6,24.0,15,224,1455,575,19,11,9,20,16,243,71,2024-2025,Premier-League
Alex McCarthy,ENG,GK,Southampton,34,1989,5.0,173,141,173,0,0,0,173,0,0,,0,100,452,276,0,0,0,0,0,88,0,2024-2025,Premier-League
John McGinn,SCO,"MF,FW",Aston Villa,29,1994,24.7,1072,31,164,558,361,58,1072,47,20,42.6,13,581,2930,1270,32,17,7,37,29,744,87,2024-2025,Premier-League
Dwight McNeil,ENG,"MF,FW",Everton,24,1999,15.2,748,6,73,328,368,25,748,45,24,53.3,20,443,2674,1162,38,34,5,26,33,510,80,2024-2025,Premier-League
Scott McTominay,SCO,MF,Manchester Utd,27,1996,0.2,14,1,3,8,3,1,14,1,0,0.0,1,10,68,44,0,0,0,1,1,9,2,2024-2025,Premier-League
Ben Mee,ENG,DF,Brentford,34,1989,2.0,138,18,66,62,11,3,138,0,0,,0,78,404,274,3,1,1,0,0,86,2,2024-2025,Premier-League
Jayden Meghoma,ENG,DF,Brentford,18,2006,0.1,3,1,2,0,1,0,3,0,0,,0,1,1,0,0,0,0,0,0,2,0,2024-2025,Premier-League
Mikel Merino,ESP,"MF,FW",Arsenal,28,1996,17.6,783,37,140,330,323,79,783,23,9,39.1,10,388,1518,747,11,13,4,24,27,504,94,2024-2025,Premier-League
Shumaira Mheuka,ENG,MF,Chelsea,16,2007,0.0,2,0,0,0,2,1,2,0,0,,0,1,0,0,0,0,0,0,0,2,0,2024-2025,Premier-League
Nikola Milenković,SRB,DF,Nott'ham Forest,26,1997,37.0,1412,257,775,552,89,64,1412,1,1,100.0,0,547,2345,1116,3,3,2,4,2,727,6,2024-2025,Premier-League
Lewis Miley,ENG,MF,Newcastle Utd,18,2006,3.5,235,5,44,124,68,6,235,3,1,33.3,1,112,544,202,2,2,0,8,1,163,8,2024-2025,Premier-League
James Milner,ENG,MF,Brighton,38,1986,1.9,93,3,13,49,31,4,93,1,1,100.0,0,47,223,97,1,1,0,0,0,59,10,2024-2025,Premier-League
Tyrone Mings,ENG,DF,Aston Villa,31,1993,12.4,794,146,405,346,47,17,794,3,2,66.7,1,484,2662,1365,7,13,1,3,1,532,1,2024-2025,Premier-League
Yankuba Minteh,GAM,"FW,MF",Brighton,20,2004,20.4,836,30,135,228,491,146,836,98,46,46.9,43,481,3573,2105,90,24,67,53,28,511,201,2024-2025,Premier-League
Tyrick Mitchell,ENG,DF,Crystal Palace,24,1999,34.4,1754,114,622,671,475,43,1754,38,16,42.1,17,820,3825,1771,63,36,9,38,30,902,171,2024-2025,Premier-League
Kaoru Mitoma,JPN,"FW,MF",Brighton,27,1997,28.9,1375,17,155,468,782,164,1375,131,52,39.7,74,830,6659,3906,146,82,56,53,23,966,291,2024-2025,Premier-League
Jakub Moder,POL,MF,Brighton,25,1999,0.1,27,2,7,12,9,1,27,0,0,,0,13,93,62,2,3,0,0,0,14,0,2024-2025,Premier-League
Jeremy Monga,,"FW,MF",Leicester City,,,1.2,51,1,9,16,27,5,51,7,2,28.6,3,37,336,157,6,2,3,5,2,32,10,2024-2025,Premier-League
Mikey Moore,ENG,FW,Tottenham,16,2007,4.1,142,4,17,43,83,13,142,17,2,11.8,13,106,781,374,12,6,5,10,7,107,40,2024-2025,Premier-League
Morato,BRA,DF,Nott'ham Forest,23,2001,10.1,457,90,270,170,19,2,457,2,2,100.0,0,164,789,417,1,2,0,6,3,206,1,2024-2025,Premier-League
Álex Moreno,ESP,"DF,MF",Nott'ham Forest,31,1993,10.6,559,60,210,202,158,8,559,21,8,38.1,8,229,1470,864,26,16,4,13,6,258,34,2024-2025,Premier-League
Sam Morsy,EGY,MF,Ipswich Town,32,1991,30.6,1683,97,498,953,248,6,1683,29,17,58.6,9,852,4649,2101,22,24,3,17,13,1137,13,2024-2025,Premier-League
Yerson Mosquera,COL,DF,Wolves,23,2001,4.9,294,43,170,115,12,7,294,0,0,,0,168,683,322,0,1,0,4,1,182,0,2024-2025,Premier-League
Mason Mount,ENG,MF,Manchester Utd,25,1999,6.9,339,11,45,161,137,31,339,10,1,10.0,8,215,1067,490,15,11,2,16,9,249,41,2024-2025,Premier-League
Divin Mubama,ENG,FW,Manchester City,19,2004,0.3,5,0,0,2,3,1,5,0,0,,0,2,14,0,0,0,0,0,1,3,0,2024-2025,Premier-League
Mykhailo Mudryk,UKR,FW,Chelsea,23,2001,1.7,62,3,12,15,38,6,62,8,3,37.5,5,39,468,227,7,8,0,3,7,42,12,2024-2025,Premier-League
Marshall Munetsi,ZIM,"MF,FW",Wolves,28,1996,12.0,364,21,58,182,128,36,364,11,3,27.3,7,148,580,215,9,4,4,32,12,182,35,2024-2025,Premier-League
Rodrigo Muniz,BRA,FW,Fulham,23,2001,10.7,311,14,27,161,127,55,311,18,6,33.3,9,157,651,187,6,4,3,47,24,237,31,2024-2025,Premier-League
Daniel Muñoz,COL,DF,Crystal Palace,28,1996,35.9,2010,119,568,826,637,107,2010,56,21,37.5,33,806,4046,1797,62,40,18,55,20,956,206,2024-2025,Premier-League
Arijanet Muric,KVX,GK,Ipswich Town,25,1998,18.0,689,559,672,18,0,0,689,0,0,,0,405,2088,1178,0,0,0,3,1,321,0,2024-2025,Premier-League
Murillo,BRA,DF,Nott'ham Forest,22,2002,35.4,1918,421,989,840,105,24,1918,37,27,73.0,10,821,4254,2531,22,25,1,19,10,989,5,2024-2025,Premier-League
Jacob Murphy,ENG,FW,Newcastle Utd,29,1995,26.2,1271,27,188,474,622,92,1271,69,35,50.7,31,733,4416,2339,79,40,27,32,37,911,231,2024-2025,Premier-League
Vitaliy Mykolenko,UKR,DF,Everton,25,1999,34.2,1678,125,525,713,452,32,1678,20,8,40.0,9,697,2825,1506,33,28,1,23,11,860,99,2024-2025,Premier-League
Iliman Ndiaye,SEN,FW,Everton,24,2000,27.0,1084,36,219,451,464,83,1082,143,68,47.6,64,621,4800,2367,86,44,32,55,44,674,122,2024-2025,Premier-League
Wilfred Ndidi,NGA,MF,Leicester City,27,1996,25.8,1400,119,461,699,253,61,1400,33,13,39.4,18,670,2727,1101,18,23,2,37,33,834,75,2024-2025,Premier-League
Kosta Nedeljković,SRB,DF,Aston Villa,18,2005,1.4,66,4,15,32,19,0,66,2,1,50.0,1,27,101,33,1,0,0,1,0,32,0,2024-2025,Premier-League
Reiss Nelson,ENG,FW,Arsenal,24,1999,0.0,2,0,1,1,0,0,2,0,0,,0,1,4,4,0,0,0,0,0,1,0,2024-2025,Premier-League
Reiss Nelson,ENG,FW,Fulham,24,1999,5.4,347,5,30,110,212,35,347,35,13,37.1,13,259,1956,960,45,25,21,14,8,274,63,2024-2025,Premier-League
Neto,BRA,GK,Bournemouth,35,1989,2.0,70,60,70,0,0,0,70,0,0,,0,35,148,99,0,0,0,0,0,28,0,2024-2025,Premier-League
Pedro Neto,POR,FW,Chelsea,24,2000,25.2,1153,13,100,336,735,116,1153,104,34,32.7,46,746,6336,3342,126,57,45,45,30,838,253,2024-2025,Premier-League
Eddie Nketiah,ENG,"FW,MF",Crystal Palace,25,1999,11.5,412,11,47,176,198,67,412,31,11,35.5,16,246,1713,878,41,25,14,34,17,294,79,2024-2025,Premier-League
Christopher Nkunku,FRA,FW,Chelsea,26,1997,10.2,448,10,52,183,217,52,448,27,10,37.0,14,280,1368,628,17,16,13,18,17,356,68,2024-2025,Premier-League
Gustavo Nunes,BRA,"FW,MF",Brentford,18,2005,0.1,7,1,4,1,2,1,7,0,0,,0,1,16,11,1,0,1,1,0,1,0,2024-2025,Premier-League
Matheus Nunes,POR,"DF,MF",Manchester City,25,1998,18.6,1416,47,251,560,614,62,1416,41,19,46.3,14,866,4503,2315,63,37,24,32,13,1013,175,2024-2025,Premier-League
Darwin Núñez,URU,FW,Liverpool,25,1999,12.6,366,10,45,122,210,74,366,23,8,34.8,14,201,1063,568,23,19,12,24,21,248,78,2024-2025,Premier-League
Ethan Nwaneri,ENG,"FW,MF",Arsenal,17,2007,9.9,544,3,44,167,339,44,544,62,37,59.7,19,365,2852,1329,46,25,17,23,17,398,113,2024-2025,Premier-League
Christian Nørgaard,DEN,MF,Brentford,30,1994,31.3,1802,176,613,855,350,57,1802,14,7,50.0,5,826,3115,1391,14,16,4,34,20,1075,42,2024-2025,Premier-League
Jake O'Brien,IRL,DF,Everton,23,2001,17.5,900,93,374,390,139,22,900,10,4,40.0,5,391,1801,906,7,6,2,5,5,481,25,2024-2025,Premier-League
Matt O'Riley,DEN,MF,Brighton,23,2000,10.4,525,20,80,232,215,47,524,13,8,61.5,4,275,1139,544,22,12,8,19,4,307,52,2024-2025,Premier-League
Dara O'Shea,IRL,DF,Ipswich Town,25,1999,34.7,2022,393,1169,730,129,51,2022,2,1,50.0,1,897,4023,2069,3,2,0,12,4,1162,8,2024-2025,Premier-League
Chidozie Obi-Martin,DEN,FW,Manchester Utd,16,2007,1.8,47,3,6,21,20,9,47,3,1,33.3,2,22,114,50,2,0,1,5,1,29,12,2024-2025,Premier-League
Wilson Odobert,FRA,"FW,MF",Tottenham,19,2004,9.4,381,7,46,142,197,35,381,32,12,37.5,17,265,1949,1146,45,25,18,21,17,273,66,2024-2025,Premier-League
Chiedozie Ogbene,IRL,FW,Ipswich Town,27,1997,2.6,70,3,11,19,40,6,70,7,1,14.3,3,41,330,139,7,2,2,4,2,43,15,2024-2025,Premier-League
Caleb Okoli,ITA,DF,Leicester City,23,2001,12.5,806,152,451,325,35,10,806,0,0,,0,468,2318,1106,3,6,0,10,2,484,2,2024-2025,Premier-League
Robin Olsen,SWE,GK,Aston Villa,34,1990,2.5,110,94,109,1,0,0,110,0,0,,0,50,270,132,0,0,0,0,0,46,0,2024-2025,Premier-League
Amadou Onana,BEL,MF,Aston Villa,22,2001,18.0,998,71,269,586,159,23,998,20,14,70.0,3,553,2931,1577,29,25,1,11,9,671,16,2024-2025,Premier-League
André Onana,CMR,GK,Manchester Utd,28,1996,34.0,1371,1046,1350,22,0,0,1371,1,1,100.0,0,961,4851,2676,0,0,0,1,0,832,0,2024-2025,Premier-League
Paul Onuachu,NGA,FW,Southampton,30,1994,11.7,440,17,45,235,163,67,440,26,8,30.8,14,214,857,248,7,5,2,50,36,358,40,2024-2025,Premier-League
Frank Onyeka,NGA,MF,Brentford,26,1998,0.3,10,0,1,5,4,0,10,0,0,,0,6,55,14,0,0,0,2,1,6,0,2024-2025,Premier-League
Lewis Orford,ENG,MF,West Ham,18,2006,0.5,42,1,8,28,7,2,42,0,0,,0,22,98,27,0,0,0,1,0,31,1,2024-2025,Premier-League
Stefan Ortega,GER,GK,Manchester City,31,1992,12.2,492,383,489,3,0,0,492,0,0,,0,323,1489,864,0,0,0,0,0,309,0,2024-2025,Premier-League
William Osula,DEN,FW,Newcastle Utd,20,2003,1.5,56,1,4,21,32,8,56,6,3,50.0,3,37,252,126,5,1,2,7,6,42,17,2024-2025,Premier-League
Dango Ouattara,BFA,FW,Bournemouth,22,2002,22.3,959,62,165,316,497,128,959,82,39,47.6,34,492,3577,1777,79,35,38,63,32,577,191,2024-2025,Premier-League
Nico O’Reilly,ENG,DF,Manchester City,19,2005,5.9,419,14,71,223,130,18,419,15,9,60.0,6,249,1171,575,16,15,0,14,15,298,26,2024-2025,Premier-League
Alex Palmer,ENG,GK,Ipswich Town,27,1996,13.0,470,396,461,10,0,0,470,0,0,,0,210,1205,750,0,0,0,2,0,170,0,2024-2025,Premier-League
Cole Palmer,ENG,"MF,FW",Chelsea,22,2002,35.5,1851,23,150,824,901,144,1846,113,51,45.1,46,1173,7917,3804,120,76,41,71,37,1366,187,2024-2025,Premier-League
Emerson Palmieri,ITA,DF,West Ham,29,1994,23.5,1325,82,422,559,359,28,1325,30,10,33.3,17,555,3013,1737,47,25,9,24,7,747,83,2024-2025,Premier-League
Lucas Paquetá,BRA,"MF,FW",West Ham,26,1997,26.4,1796,62,367,989,454,59,1794,47,21,44.7,21,921,3358,1416,26,34,2,54,51,1268,85,2024-2025,Premier-League
Thomas Partey,GHA,"MF,DF",Arsenal,31,1993,31.1,2193,74,457,1214,534,33,2193,35,24,68.6,9,1256,6822,3691,36,42,3,24,17,1561,48,2024-2025,Premier-League
Nathan Patterson,SCO,DF,Everton,22,2001,3.9,215,11,52,90,75,5,215,12,9,75.0,2,95,420,216,6,5,2,4,2,117,18,2024-2025,Premier-League
Andreas Pereira,BRA,MF,Fulham,28,1996,22.4,1148,22,169,466,531,46,1147,30,14,46.7,8,578,2764,1341,29,38,9,29,22,676,81,2024-2025,Premier-League
Ricardo Pereira,POR,DF,Leicester City,30,1993,4.3,296,17,90,166,41,5,296,9,6,66.7,2,151,453,186,3,3,2,3,1,172,5,2024-2025,Premier-League
Kalvin Phillips,ENG,MF,Ipswich Town,28,1995,13.7,739,61,223,398,122,5,739,12,5,41.7,6,310,1489,569,4,5,0,25,10,394,4,2024-2025,Premier-League
Jaden Philogene Bidace,ENG,"FW,MF",Aston Villa,22,2002,3.7,145,4,27,54,66,14,145,15,4,26.7,8,75,520,239,7,5,7,7,3,83,17,2024-2025,Premier-League
Jaden Philogene Bidace,ENG,"FW,DF",Ipswich Town,22,2002,5.3,220,10,53,68,101,18,220,18,5,27.8,11,127,862,305,13,3,5,11,10,133,36,2024-2025,Premier-League
Jordan Pickford,ENG,GK,Everton,30,1994,38.0,1708,1116,1640,69,0,0,1708,0,0,,0,989,5989,3568,0,0,0,2,0,871,0,2024-2025,Premier-League
Ethan Pinnock,JAM,DF,Brentford,31,1993,21.3,1348,294,783,457,109,24,1348,9,3,33.3,6,633,3117,1633,3,4,0,2,4,760,9,2024-2025,Premier-League
Daniel Podence,POR,"MF,FW",Wolves,28,1995,0.5,20,0,2,11,7,0,20,2,2,100.0,0,13,77,43,1,1,0,0,0,17,3,2024-2025,Premier-League
Alfie Pond,ENG,DF,Wolves,20,2004,0.0,1,0,0,1,0,0,1,0,0,,0,1,2,2,0,0,0,0,0,1,0,2024-2025,Premier-League
Nick Pope,ENG,GK,Newcastle Utd,32,1992,28.0,872,688,857,15,0,0,872,0,0,,0,439,2510,1708,0,0,0,0,1,305,0,2024-2025,Premier-League
Pedro Porro,ESP,DF,Tottenham,24,1999,29.0,2237,128,675,812,763,32,2237,40,14,35.0,24,1187,5444,2841,65,43,5,25,18,1291,109,2024-2025,Premier-League
Jarell Quansah,ENG,DF,Liverpool,21,2003,5.5,464,80,245,189,30,6,464,3,1,33.3,2,268,1421,709,3,4,1,5,2,321,4,2024-2025,Premier-League
Hákon Rafn Valdimarsson,ISL,GK,Brentford,22,2001,1.6,72,60,71,1,0,0,72,0,0,,0,44,191,80,0,0,0,0,0,36,0,2024-2025,Premier-League
Aaron Ramsdale,ENG,GK,Southampton,26,1998,30.0,1314,946,1286,32,0,0,1314,0,0,,0,786,4017,2349,0,0,0,3,0,702,0,2024-2025,Premier-League
Jacob Ramsey,ENG,"FW,MF",Aston Villa,23,2001,18.0,762,12,146,272,359,74,762,46,25,54.3,13,496,3441,1766,61,31,21,42,23,577,114,2024-2025,Premier-League
Marcus Rashford,ENG,"FW,MF",Manchester Utd,26,1997,10.9,440,3,35,189,222,34,440,39,9,23.1,26,293,1694,728,20,19,12,14,6,341,79,2024-2025,Premier-League
Marcus Rashford,ENG,FW,Aston Villa,26,1997,4.9,227,2,14,58,159,30,226,22,9,40.9,13,127,892,471,22,10,15,8,1,149,42,2024-2025,Premier-League
David Raya,ESP,GK,Arsenal,28,1995,38.0,1480,880,1388,92,0,0,1480,1,1,100.0,0,921,4542,2729,0,0,0,1,0,841,0,2024-2025,Premier-League
Harrison Reed,ENG,MF,Fulham,29,1995,1.2,78,2,11,28,40,5,78,2,0,0.0,1,31,95,27,1,1,0,2,2,38,7,2024-2025,Premier-League
Remy Rees-Dottin,ENG,FW,Bournemouth,18,2006,0.0,0,0,0,0,0,0,0,0,0,,0,0,0,0,0,0,0,0,0,0,0,2024-2025,Premier-League
Sergio Reguilón,ESP,DF,Tottenham,27,1996,2.2,167,9,57,73,38,3,167,6,2,33.3,1,88,383,233,5,2,1,2,1,97,12,2024-2025,Premier-League
Vitor Reis,BRA,DF,Manchester City,18,2006,0.0,3,1,2,1,0,0,3,1,1,100.0,0,2,3,0,0,0,0,0,0,2,0,2024-2025,Premier-League
Chadi Riad,MAR,DF,Crystal Palace,21,2003,1.0,90,5,41,49,1,0,90,0,0,,0,58,318,232,2,0,0,1,0,69,0,2024-2025,Premier-League
Declan Rice,ENG,MF,Arsenal,25,1999,31.4,1948,82,325,909,733,81,1948,29,14,48.3,14,1031,6464,3394,90,58,16,36,32,1266,94,2024-2025,Premier-League
Chris Richards,USA,DF,Crystal Palace,24,2000,21.4,1118,134,611,439,74,19,1118,6,1,16.7,5,517,2316,964,6,5,0,5,5,614,2,2024-2025,Premier-League
Richarlison,BRA,FW,Tottenham,27,1997,5.6,173,8,21,89,64,29,173,16,1,6.3,14,89,424,168,8,8,3,9,8,120,22,2024-2025,Premier-League
Andrew Robertson,SCO,DF,Liverpool,30,1994,27.6,2084,92,539,940,620,53,2084,18,7,38.9,10,1107,4941,2848,64,52,6,25,13,1399,108,2024-2025,Premier-League
Antonee Robinson,USA,DF,Fulham,26,1997,35.2,2523,139,828,942,788,70,2523,83,38,45.8,34,1343,7361,4230,118,61,30,44,20,1509,274,2024-2025,Premier-League
Jay Robinson,ENG,"MF,FW",Southampton,17,2007,1.5,54,4,15,18,22,5,54,11,6,54.5,5,33,188,92,3,2,1,1,6,29,10,2024-2025,Premier-League
Rodri,ESP,MF,Manchester City,28,1996,0.8,74,1,14,37,24,0,74,1,0,0.0,0,39,172,82,1,2,0,0,0,56,1,2024-2025,Premier-League
Guido Rodríguez,ARG,MF,West Ham,30,1994,12.8,709,54,223,423,64,5,709,6,3,50.0,1,327,1167,481,4,5,2,4,7,408,7,2024-2025,Premier-League
Mads Roerslev,DEN,DF,Brentford,25,1999,12.2,645,49,234,268,146,20,645,19,7,36.8,8,352,1630,858,17,13,0,9,6,406,54,2024-2025,Premier-League
Morgan Rogers,ENG,"FW,MF",Aston Villa,22,2002,34.6,1362,43,200,592,597,142,1362,160,66,41.3,74,794,5594,3232,114,68,33,114,74,956,188,2024-2025,Premier-League
Cristian Romero,ARG,DF,Tottenham,26,1998,15.7,1377,157,594,720,74,23,1377,4,1,25.0,2,896,4702,2893,12,18,0,10,5,936,3,2024-2025,Premier-League
Georginio Rutter,FRA,"MF,FW",Brighton,22,2002,18.4,641,20,83,246,326,79,641,71,27,38.0,34,361,2467,1405,42,36,16,45,37,411,79,2024-2025,Premier-League
José Sá,POR,GK,Wolves,31,1993,29.0,985,785,976,10,0,0,985,8,8,100.0,0,630,3790,2483,0,0,0,1,0,485,0,2024-2025,Premier-League
Bukayo Saka,ENG,"FW,MF",Arsenal,22,2001,19.2,979,6,57,216,715,162,978,90,41,45.6,37,628,4253,2460,96,32,51,34,40,711,255,2024-2025,Premier-League
Mohamed Salah,EGY,FW,Liverpool,32,1992,37.5,1695,11,97,500,1119,356,1686,137,58,42.3,72,1149,6973,3695,154,59,126,116,67,1407,488,2024-2025,Premier-League
William Saliba,FRA,DF,Arsenal,23,2001,33.8,2824,190,1127,1571,142,18,2824,19,12,63.2,6,1756,7626,4154,16,17,1,19,8,2137,6,2024-2025,Premier-League
Robert Sánchez,ESP,GK,Chelsea,26,1997,32.0,1323,980,1311,12,0,0,1323,0,0,,0,881,4456,2852,0,0,0,0,0,822,0,2024-2025,Premier-League
Jadon Sancho,ENG,FW,Chelsea,24,2000,19.6,975,13,117,283,585,121,975,97,45,46.4,40,653,4450,2435,102,35,57,30,21,760,225,2024-2025,Premier-League
Ibrahim Sangaré,CIV,MF,Nott'ham Forest,26,1997,6.6,407,26,110,247,52,7,407,1,0,0.0,1,171,759,283,1,2,0,5,4,236,4,2024-2025,Premier-League
Pablo Sarabia,ESP,"MF,FW",Wolves,32,1992,9.0,552,4,58,271,226,24,552,15,6,40.0,7,325,1497,731,15,15,0,22,14,387,62,2024-2025,Premier-League
Jeremy Sarmiento,ECU,MF,Brighton,22,2002,0.1,8,0,0,6,2,0,8,0,0,,0,6,61,10,0,0,0,1,0,7,2,2024-2025,Premier-League
Ismaila Sarr,SEN,MF,Crystal Palace,26,1998,30.1,1091,48,180,411,511,135,1091,61,17,27.9,35,607,3721,2108,75,47,28,70,43,739,183,2024-2025,Premier-League
Sávio,BRA,"FW,MF",Manchester City,20,2004,19.6,1095,14,55,286,774,154,1095,113,52,46.0,40,783,6489,3559,137,45,75,42,38,852,246,2024-2025,Premier-League
Oliver Scarles,ENG,"DF,FW",West Ham,18,2005,7.4,466,32,159,179,133,9,466,7,2,28.6,5,219,871,483,12,9,2,12,3,272,44,2024-2025,Premier-League
Dane Scarlett,ENG,"FW,MF",Tottenham,20,2004,0.4,9,1,3,5,1,1,9,0,0,,0,5,66,33,1,0,0,0,1,4,1,2024-2025,Premier-League
Kevin Schade,GER,FW,Brentford,22,2001,25.5,883,43,154,238,507,146,883,89,30,33.7,52,434,3086,1357,61,28,38,60,36,543,165,2024-2025,Premier-League
Fabian Schär,SUI,DF,Newcastle Utd,32,1991,32.6,2319,266,1178,991,162,42,2319,13,8,61.5,3,1438,6526,3744,18,27,2,12,6,1609,22,2024-2025,Premier-League
Jeffrey Schlupp,GHA,"MF,DF",Crystal Palace,31,1992,1.1,79,2,9,31,41,6,79,1,1,100.0,0,30,150,67,4,1,1,7,0,41,9,2024-2025,Premier-League
Alex Scott,ENG,MF,Bournemouth,20,2003,8.4,485,24,90,257,144,18,485,26,6,23.1,13,247,1401,663,15,10,3,23,8,294,33,2024-2025,Premier-League
Matz Sels,BEL,GK,Nott'ham Forest,32,1992,38.0,1102,833,1082,20,0,0,1102,0,0,,0,528,3230,1697,1,1,1,0,0,426,0,2024-2025,Premier-League
Nélson Semedo,POR,DF,Wolves,30,1993,32.1,1717,123,483,788,467,27,1717,71,32,45.1,31,901,5223,2688,67,41,10,42,21,995,119,2024-2025,Premier-League
Antoine Semenyo,GHA,FW,Bournemouth,24,2000,35.6,1653,46,206,573,909,191,1653,135,69,51.1,57,979,7353,3581,140,69,67,84,77,1140,282,2024-2025,Premier-League
Marcos Senesi,ARG,DF,Bournemouth,27,1997,12.3,889,73,391,427,82,16,889,10,6,60.0,4,554,2862,1677,12,16,0,7,6,565,7,2024-2025,Premier-League
Ryan Sessegnon,ENG,"FW,DF",Fulham,24,2000,6.4,363,15,88,131,149,45,363,21,8,38.1,10,180,1054,549,18,14,10,19,8,210,59,2024-2025,Premier-League
Luke Shaw,ENG,DF,Manchester Utd,29,1995,3.9,317,26,128,149,42,4,317,1,0,0.0,1,226,1102,548,7,8,0,2,0,248,7,2024-2025,Premier-League
Zain Silcott-Duberry,MSR,FW,Bournemouth,19,2005,0.0,3,0,1,0,2,0,3,0,0,,0,1,6,6,0,0,0,0,0,2,0,2024-2025,Premier-League
Bernardo Silva,POR,"MF,FW",Manchester City,29,1994,29.7,2054,50,355,843,876,141,2054,61,28,45.9,26,1288,8110,4045,101,65,32,25,34,1518,200,2024-2025,Premier-League
Jota Silva,POR,"FW,MF",Nott'ham Forest,24,1999,9.5,357,19,83,104,181,46,357,34,10,29.4,15,175,1153,632,21,13,9,24,12,202,59,2024-2025,Premier-League
Eric da Silva Moreira,GER,"MF,DF",Nott'ham Forest,18,2006,0.3,13,3,7,4,2,0,13,1,0,0.0,1,4,26,11,1,0,0,1,0,3,1,2024-2025,Premier-League
Jahmai Simpson-Pusey,ENG,DF,Manchester City,18,2005,1.1,123,9,61,59,3,1,123,1,0,0.0,0,79,376,190,1,0,0,1,0,101,0,2024-2025,Premier-League
Luis Sinisterra,COL,"FW,MF",Bournemouth,25,1999,2.6,155,7,18,41,96,23,155,20,8,40.0,10,95,744,393,19,6,10,6,3,102,38,2024-2025,Premier-League
Oliver Skipp,ENG,MF,Leicester City,23,2000,12.5,612,29,141,383,92,9,612,12,7,58.3,5,347,1392,644,16,7,3,12,7,419,19,2024-2025,Premier-League
William Smallbone,IRL,MF,Southampton,24,2000,7.7,431,17,83,213,139,17,431,6,4,66.7,2,193,787,397,5,9,1,12,6,262,25,2024-2025,Premier-League
Adam Smith,ENG,DF,Bournemouth,33,1991,17.7,825,41,240,394,197,8,825,16,6,37.5,7,366,1552,711,15,18,1,13,7,403,34,2024-2025,Premier-League
Emile Smith Rowe,ENG,MF,Fulham,24,2000,22.7,1223,20,166,591,476,60,1223,35,16,45.7,16,779,3728,1932,53,40,12,36,18,940,127,2024-2025,Premier-League
Dominic Solanke,ENG,FW,Tottenham,26,1997,24.5,655,33,74,299,288,112,654,51,17,33.3,31,385,2126,848,31,23,14,69,51,459,88,2024-2025,Premier-League
Carlos Soler,ESP,"MF,FW",West Ham,27,1997,15.7,794,27,180,409,210,26,794,18,8,44.4,9,367,1806,783,17,17,4,14,14,539,37,2024-2025,Premier-League
Julio Soler,ARG,"DF,FW",Bournemouth,19,2005,0.1,17,0,3,6,8,0,17,0,0,,0,12,30,8,0,0,0,1,0,14,2,2024-2025,Premier-League
Ramón Sosa,PAR,"FW,MF",Nott'ham Forest,24,1999,3.3,154,6,36,48,77,15,154,13,8,61.5,5,75,601,333,12,7,5,6,5,81,17,2024-2025,Premier-League
Tomáš Souček,CZE,MF,West Ham,29,1995,28.5,1280,128,355,626,303,102,1280,12,6,50.0,6,506,1553,559,9,12,3,20,15,764,68,2024-2025,Premier-League
Boubakary Soumaré,FRA,MF,Leicester City,25,1999,24.1,1441,73,386,903,166,18,1441,45,27,60.0,14,847,3904,2011,34,19,4,24,22,1013,23,2024-2025,Premier-League
Djed Spence,ENG,DF,Tottenham,23,2000,19.9,1428,81,500,641,309,25,1428,76,38,50.0,31,794,4661,2481,59,44,7,28,33,872,70,2024-2025,Premier-League
Jay Stansfield,ENG,MF,Fulham,21,2002,0.0,0,0,0,0,0,0,0,0,0,,0,0,0,0,0,0,0,0,0,0,0,2024-2025,Premier-League
Jason Steele,ENG,GK,Brighton,33,1990,2.0,114,107,114,0,0,0,114,0,0,,0,91,361,151,0,0,0,0,0,83,0,2024-2025,Premier-League
Jack Stephens,ENG,DF,Southampton,30,1994,15.4,1097,128,461,543,97,11,1097,4,0,0.0,4,631,2996,1407,14,12,1,3,3,783,2,2024-2025,Premier-League
Raheem Sterling,ENG,"FW,MF",Arsenal,29,1994,5.5,274,2,10,58,209,38,274,30,10,33.3,10,201,1407,750,27,11,15,13,14,211,79,2024-2025,Premier-League
Ross Stewart,SCO,FW,Southampton,28,1996,4.3,140,9,25,55,62,15,140,5,3,60.0,2,64,298,81,3,0,4,7,9,100,10,2024-2025,Premier-League
Jakub Stolarczyk,POL,GK,Leicester City,23,2000,10.0,411,309,406,6,0,0,411,0,0,,0,221,983,595,0,0,0,1,0,225,0,2024-2025,Premier-League
John Stones,ENG,"DF,MF",Manchester City,30,1994,6.1,442,40,142,234,68,4,442,2,2,100.0,0,292,2146,1183,10,14,0,2,0,333,2,2024-2025,Premier-League
Jørgen Strand Larsen,NOR,FW,Wolves,24,2000,28.7,736,36,85,348,304,108,736,20,8,40.0,11,345,1194,464,17,14,9,90,34,534,112,2024-2025,Premier-League
Yukinari Sugawara,JPN,"DF,MF",Southampton,24,2000,17.3,1066,67,327,410,334,29,1066,20,9,45.0,10,564,2569,1384,33,16,7,18,5,709,78,2024-2025,Premier-League
Kamaldeen Sulemana,GHA,"FW,MF",Southampton,22,2002,15.6,587,17,92,219,301,59,587,103,39,37.9,56,380,3283,1620,63,37,28,50,25,410,87,2024-2025,Premier-League
Crysencio Summerville,NED,"FW,MF",West Ham,22,2001,8.7,372,9,47,147,181,38,372,39,13,33.3,18,207,1463,762,29,15,13,20,16,259,71,2024-2025,Premier-League
Sammie Szmodics,IRL,"FW,MF",Ipswich Town,28,1995,11.0,318,17,80,125,119,33,318,12,4,33.3,6,179,1003,407,16,8,7,24,17,193,47,2024-2025,Premier-League
Dominik Szoboszlai,HUN,MF,Liverpool,23,2000,27.7,1584,32,220,761,626,104,1584,41,21,51.2,17,805,4223,2372,72,49,18,37,23,1073,127,2024-2025,Premier-League
Matt Targett,ENG,DF,Newcastle Utd,28,1995,0.2,17,0,3,8,6,0,17,0,0,,0,4,12,6,0,0,0,0,0,12,1,2024-2025,Premier-League
James Tarkowski,ENG,DF,Everton,31,1992,32.5,1706,355,974,635,106,57,1706,7,5,71.4,2,727,3610,1943,9,10,0,13,7,927,3,2024-2025,Premier-League
Marcus Tavernier,ENG,"FW,MF",Bournemouth,25,1999,21.5,1196,20,135,468,622,58,1196,65,28,43.1,31,705,4335,2068,53,51,9,46,47,790,129,2024-2025,Premier-League
Charlie Taylor,ENG,DF,Southampton,30,1993,4.0,279,35,121,120,39,2,279,2,2,100.0,0,116,500,187,3,3,0,1,1,172,7,2024-2025,Premier-League
Jack Taylor,IRL,MF,Ipswich Town,26,1998,9.6,534,32,161,281,103,8,534,11,4,36.4,4,254,1506,791,11,10,1,10,6,345,23,2024-2025,Premier-League
Mathys Tel,FRA,FW,Tottenham,19,2005,10.1,414,9,58,150,217,40,413,53,15,28.3,31,266,1578,805,28,23,11,28,15,279,72,2024-2025,Premier-League
Kenny Tete,NED,DF,Fulham,28,1995,19.7,1205,79,402,484,329,37,1205,20,9,45.0,6,611,2851,1336,34,21,7,17,10,695,54,2024-2025,Premier-League
Thiago,BRA,"FW,MF",Brentford,23,2001,1.9,83,7,15,34,36,4,83,5,3,60.0,2,45,159,53,3,3,1,6,2,51,8,2024-2025,Premier-League
Luke Thomas,ENG,DF,Leicester City,23,2001,12.3,775,50,294,366,120,8,775,6,3,50.0,3,371,1457,585,5,8,2,12,4,431,16,2024-2025,Premier-League
Youri Tielemans,BEL,MF,Aston Villa,27,1997,33.6,2385,103,479,1366,565,45,2384,61,31,50.8,19,1288,5561,2551,39,26,9,31,29,1667,48,2024-2025,Premier-League
Kieran Tierney,SCO,"DF,FW",Arsenal,27,1997,2.9,199,8,36,72,91,6,199,4,2,50.0,1,108,447,253,8,6,1,3,0,143,29,2024-2025,Premier-League
Jurriën Timber,NED,DF,Arsenal,23,2001,26.9,1661,51,304,859,505,66,1661,53,24,45.3,24,890,3916,2076,57,27,11,33,24,1052,104,2024-2025,Premier-League
Jean-Clair Todibo,FRA,DF,West Ham,24,1999,20.3,1297,165,716,543,47,11,1297,16,9,56.3,7,760,3221,1602,9,5,0,14,11,890,5,2024-2025,Premier-League
Harry Toffolo,ENG,DF,Nott'ham Forest,28,1995,1.5,88,9,32,22,34,2,88,0,0,,0,17,57,23,0,0,0,0,0,30,4,2024-2025,Premier-League
Takehiro Tomiyasu,JPN,DF,Arsenal,25,1998,0.1,7,1,4,1,2,1,7,0,0,,0,1,7,5,0,0,0,0,0,2,0,2024-2025,Premier-League
Sandro Tonali,ITA,MF,Newcastle Utd,24,2000,29.2,1818,64,406,991,450,45,1818,37,20,54.1,14,979,5567,2334,37,40,6,30,23,1257,53,2024-2025,Premier-League
Pau Torres,ESP,DF,Aston Villa,27,1997,22.4,1518,237,701,726,97,17,1518,17,15,88.2,2,965,6359,4176,40,27,0,6,5,1090,8,2024-2025,Premier-League
Conor Townsend,ENG,DF,Ipswich Town,31,1993,3.7,172,28,87,50,38,5,172,0,0,,0,53,278,136,2,2,0,2,2,75,13,2024-2025,Premier-League
Adama Traoré,ESP,"FW,MF",Fulham,28,1996,19.7,801,4,83,285,455,91,801,97,48,49.5,36,538,4631,2486,100,45,33,37,25,607,161,2024-2025,Premier-League
Boubacar Traoré,MLI,MF,Wolves,22,2001,0.0,2,0,0,2,0,0,2,0,0,,0,0,0,0,0,0,0,0,0,0,0,2024-2025,Premier-League
Mark Travers,IRL,GK,Bournemouth,25,1999,5.0,162,144,159,3,0,0,162,0,0,,0,85,426,188,0,0,0,0,0,68,0,2024-2025,Premier-League
Ryan Trevitt,ENG,MF,Brentford,21,2003,0.0,7,1,2,4,1,0,7,0,0,,0,4,7,2,0,0,0,0,0,4,1,2024-2025,Premier-League
Kieran Trippier,ENG,DF,Newcastle Utd,33,1990,14.5,1388,50,375,616,406,13,1388,8,4,50.0,4,609,2258,1224,26,14,4,11,8,847,58,2024-2025,Premier-League
Leandro Trossard,BEL,FW,Arsenal,29,1994,28.3,1278,17,135,399,762,158,1278,86,38,44.2,37,828,5024,2218,80,55,30,66,52,956,226,2024-2025,Premier-League
Kostas Tsimikas,GRE,DF,Liverpool,28,1996,9.3,741,33,190,327,229,13,741,12,5,41.7,5,368,1567,790,17,8,2,6,4,472,43,2024-2025,Premier-League
Axel Tuanzebe,COD,DF,Ipswich Town,26,1997,19.0,971,97,407,426,145,8,971,10,4,40.0,6,402,1698,826,10,7,1,11,1,516,15,2024-2025,Premier-League
Destiny Udogie,ITA,DF,Tottenham,21,2002,21.4,1376,63,394,609,389,49,1376,32,13,40.6,16,758,4340,2352,54,40,12,37,19,819,94,2024-2025,Premier-League
Manuel Ugarte Ribeiro,URU,MF,Manchester Utd,23,2001,19.8,1161,46,331,639,211,16,1161,32,18,56.3,10,668,2883,1347,16,16,1,32,25,728,20,2024-2025,Premier-League
Lesley Ugochukwu,FRA,MF,Southampton,20,2004,18.4,879,50,215,501,169,24,879,28,19,67.9,8,479,2565,1229,29,15,6,12,13,600,20,2024-2025,Premier-League
Enes Ünal,TUR,"FW,MF",Bournemouth,27,1997,3.8,172,6,14,63,95,26,172,12,1,8.3,10,91,261,95,4,3,1,17,13,133,22,2024-2025,Premier-League
Virgil van Dijk,NED,DF,Liverpool,33,1991,37.0,3300,450,1317,1827,166,48,3300,5,3,60.0,2,1856,8754,4846,22,24,3,10,5,2281,6,2024-2025,Premier-League
Jamie Vardy,ENG,FW,Leicester City,37,1987,31.4,586,30,61,272,260,111,584,23,11,47.8,10,285,1504,717,29,13,16,34,14,382,120,2024-2025,Premier-League
Renato Veiga,POR,"DF,MF",Chelsea,21,2003,2.0,167,2,61,82,27,3,167,5,3,60.0,2,85,417,144,4,5,1,1,0,110,3,2024-2025,Premier-League
Joël Veltman,NED,DF,Brighton,32,1992,18.9,1133,65,332,558,253,10,1133,15,4,26.7,5,548,2917,1521,32,25,3,19,7,626,34,2024-2025,Premier-League
Micky van de Ven,NED,DF,Tottenham,23,2001,11.3,895,110,460,408,36,9,895,8,4,50.0,4,620,2883,1407,8,10,1,5,5,651,1,2024-2025,Premier-League
Bart Verbruggen,NED,GK,Brighton,21,2002,36.0,1406,1109,1392,14,0,0,1406,2,2,100.0,0,955,3507,1804,0,1,1,2,0,909,0,2024-2025,Premier-League
Jannik Vestergaard,DEN,DF,Leicester City,31,1992,15.5,1092,196,572,497,28,10,1092,4,4,100.0,0,672,2932,1458,3,3,0,2,0,757,2,2024-2025,Premier-League
Guglielmo Vicario,ITA,GK,Tottenham,27,1996,24.0,928,626,910,18,0,0,928,1,1,100.0,0,661,3067,1700,0,0,0,0,0,597,0,2024-2025,Premier-League
Carlos Vinícius,BRA,"MF,FW",Fulham,29,1995,0.2,7,0,1,3,3,2,7,1,1,100.0,0,7,24,11,1,0,1,1,0,6,3,2024-2025,Premier-League
Kyle Walker,ENG,DF,Manchester City,34,1990,10.8,892,26,197,473,228,5,892,6,3,50.0,2,499,2284,1106,12,13,0,9,2,630,11,2024-2025,Premier-League
Kyle Walker-Peters,ENG,DF,Southampton,27,1997,32.4,2022,151,615,884,540,59,2022,92,38,41.3,39,1271,7917,4373,114,72,24,32,39,1433,144,2024-2025,Premier-League
Christian Walton,ENG,GK,Ipswich Town,28,1995,7.0,272,248,271,1,0,0,272,0,0,,0,143,699,384,0,0,0,0,0,131,0,2024-2025,Premier-League
Aaron Wan-Bissaka,ENG,DF,West Ham,26,1997,35.0,2256,147,682,969,637,48,2256,122,64,52.5,43,1092,6700,3661,110,65,15,35,22,1322,167,2024-2025,Premier-League
Danny Ward,WAL,GK,Leicester City,31,1993,1.5,55,40,55,0,0,0,55,1,0,0.0,1,44,176,107,0,0,0,0,0,35,0,2024-2025,Premier-League
Joel Ward,ENG,DF,Crystal Palace,34,1989,0.8,32,3,17,15,1,0,32,1,0,0.0,1,15,43,15,0,0,0,0,0,16,1,2024-2025,Premier-League
James Ward-Prowse,ENG,MF,West Ham,29,1994,11.5,849,30,180,513,158,11,849,5,2,40.0,3,427,1999,845,11,16,0,3,6,593,9,2024-2025,Premier-League
James Ward-Prowse,ENG,MF,Nott'ham Forest,29,1994,4.4,205,13,49,115,45,1,205,0,0,,0,92,407,170,1,3,0,3,3,115,3,2024-2025,Premier-League
Ollie Watkins,ENG,FW,Aston Villa,28,1995,28.9,695,18,50,248,407,168,693,41,10,24.4,27,409,2243,1125,55,21,38,60,50,552,165,2024-2025,Premier-League
Adam Webster,ENG,DF,Brighton,29,1995,9.9,824,119,389,399,43,15,824,3,1,33.3,2,476,2600,1475,8,6,0,5,1,552,2,2024-2025,Premier-League
Danny Welbeck,ENG,FW,Brighton,33,1990,23.5,726,18,58,318,356,102,725,37,13,35.1,21,448,2065,890,21,23,8,49,28,547,95,2024-2025,Premier-League
Welington,BRA,DF,Southampton,23,2001,5.4,276,31,113,102,64,3,276,9,5,55.6,3,100,389,197,5,4,1,9,4,120,19,2024-2025,Premier-League
Timo Werner,GER,"FW,MF",Tottenham,28,1996,5.7,298,8,24,78,203,33,298,19,10,52.6,8,215,1768,1062,42,24,18,14,6,227,89,2024-2025,Premier-League
Adam Wharton,ENG,MF,Crystal Palace,20,2004,14.6,872,30,204,463,212,11,872,10,2,20.0,8,430,2014,1078,14,23,2,17,13,533,11,2024-2025,Premier-League
Ben White,ENG,DF,Arsenal,26,1997,13.3,813,55,214,367,238,28,813,6,0,0.0,5,394,1617,953,23,16,4,10,6,494,42,2024-2025,Premier-League
Mats Wieffer,NED,"DF,MF",Brighton,24,1999,11.3,867,55,223,450,206,22,867,15,7,46.7,7,483,2351,1051,18,20,1,19,9,533,23,2024-2025,Premier-League
Neco Williams,WAL,DF,Nott'ham Forest,23,2001,28.8,1565,155,558,574,453,45,1565,46,18,39.1,19,650,3952,2169,68,28,16,36,21,744,103,2024-2025,Premier-League
Willian,BRA,"FW,MF",Fulham,35,1988,2.9,231,1,18,83,134,7,231,7,1,14.3,4,148,1005,503,11,10,2,3,1,183,33,2024-2025,Premier-League
Joe Willock,ENG,"MF,FW",Newcastle Utd,24,1999,12.1,533,12,74,231,239,55,533,35,12,34.3,17,325,2217,1034,38,28,16,37,23,372,86,2024-2025,Premier-League
Callum Wilson,ENG,FW,Newcastle Utd,32,1992,4.1,95,1,5,55,38,19,95,7,1,14.3,4,47,243,105,5,4,5,16,12,60,17,2024-2025,Premier-League
Harry Wilson,WAL,"FW,MF",Fulham,27,1997,12.9,598,11,81,203,324,63,598,24,9,37.5,10,342,1879,864,22,18,11,19,6,390,96,2024-2025,Premier-League
Harry Winks,ENG,MF,Leicester City,28,1996,17.1,1158,49,275,746,151,1,1158,12,3,25.0,8,696,3268,1522,19,13,0,13,8,827,11,2024-2025,Premier-League
Ben Winterburn,ENG,"MF,FW",Bournemouth,19,2004,0.3,9,0,2,5,2,1,9,0,0,,0,6,50,40,2,0,1,0,0,6,2,2024-2025,Premier-League
Yoane Wissa,COD,FW,Brentford,27,1996,32.4,925,34,136,376,432,163,925,49,15,30.6,24,550,3469,1662,60,26,34,77,35,658,154,2024-2025,Premier-League
Chris Wood,NZL,FW,Nott'ham Forest,32,1991,32.9,770,40,89,361,322,105,767,13,4,30.8,8,376,1279,506,14,11,5,75,28,563,94,2024-2025,Premier-League
Nathan Wood-Gordon,ENG,DF,Southampton,22,2002,8.6,564,75,282,255,28,3,564,6,4,66.7,1,313,1352,535,2,6,0,5,1,419,0,2024-2025,Premier-League
Luke Woolfenden,ENG,DF,Ipswich Town,25,1998,13.2,694,147,407,278,9,3,694,0,0,,0,368,2118,1249,7,3,0,4,0,442,0,2024-2025,Premier-League
Yehor Yarmoliuk,UKR,MF,Brentford,20,2004,16.1,960,61,277,501,203,15,960,27,13,48.1,11,520,2790,908,15,19,3,26,21,599,47,2024-2025,Premier-League
Ryan Yates,ENG,MF,Nott'ham Forest,26,1997,21.3,1041,80,276,510,266,41,1041,18,9,50.0,5,424,2057,934,18,18,1,24,18,545,16,2024-2025,Premier-League
Leny Yoro,FRA,DF,Manchester Utd,18,2005,12.9,894,87,413,414,70,13,894,4,2,50.0,2,614,3173,1765,19,13,1,3,4,656,4,2024-2025,Premier-League
Ashley Young,ENG,DF,Everton,39,1985,20.8,1194,61,369,528,305,9,1194,20,7,35.0,9,487,2447,1378,24,26,1,11,1,618,32,2024-2025,Premier-League
Illia Zabarnyi,UKR,DF,Bournemouth,21,2002,34.5,2062,234,929,1078,77,16,2062,9,6,66.7,2,1282,8351,4948,27,21,0,14,3,1306,4,2024-2025,Premier-League
Oleksandr Zinchenko,UKR,"DF,MF",Arsenal,27,1996,5.9,499,16,86,233,181,20,499,5,3,60.0,1,281,1348,573,10,8,3,3,4,348,14,2024-2025,Premier-League
Joshua Zirkzee,NED,"FW,MF",Manchester Utd,23,2001,15.6,587,16,71,303,219,56,587,35,11,31.4,24,327,1483,523,14,21,4,41,30,418,69,2024-2025,Premier-League
Martin Ødegaard,NOR,MF,Arsenal,25,1998,25.8,1694,9,126,708,875,115,1693,59,25,42.4,32,1174,7444,3772,92,85,26,38,40,1336,154,2024-2025,Premier-League
